,Unnamed: 0.1,Unnamed: 0,system_time,midpoint,spread,buys,sells,bids_distance_0,bids_distance_1,bids_distance_2,bids_distance_3,bids_distance_4,bids_distance_5,bids_distance_6,bids_distance_7,bids_distance_8,bids_distance_9,bids_distance_10,bids_distance_11,bids_distance_12,bids_distance_13,bids_distance_14,bids_notional_0,bids_notional_1,bids_notional_2,bids_notional_3,bids_notional_4,bids_notional_5,bids_notional_6,bids_notional_7,bids_notional_8,bids_notional_9,bids_notional_10,bids_notional_11,bids_notional_12,bids_notional_13,bids_notional_14,bids_cancel_notional_0,bids_cancel_notional_1,bids_cancel_notional_2,bids_cancel_notional_3,bids_cancel_notional_4,bids_cancel_notional_5,bids_cancel_notional_6,bids_cancel_notional_7,bids_cancel_notional_8,bids_cancel_notional_9,bids_cancel_notional_10,bids_cancel_notional_11,bids_cancel_notional_12,bids_cancel_notional_13,bids_cancel_notional_14,bids_limit_notional_0,bids_limit_notional_1,bids_limit_notional_2,bids_limit_notional_3,bids_limit_notional_4,bids_limit_notional_5,bids_limit_notional_6,bids_limit_notional_7,bids_limit_notional_8,bids_limit_notional_9,bids_limit_notional_10,bids_limit_notional_11,bids_limit_notional_12,bids_limit_notional_13,bids_limit_notional_14,bids_market_notional_0,bids_market_notional_1,bids_market_notional_2,bids_market_notional_3,bids_market_notional_4,bids_market_notional_5,bids_market_notional_6,bids_market_notional_7,bids_market_notional_8,bids_market_notional_9,bids_market_notional_10,bids_market_notional_11,bids_market_notional_12,bids_market_notional_13,bids_market_notional_14,asks_distance_0,asks_distance_1,asks_distance_2,asks_distance_3,asks_distance_4,asks_distance_5,asks_distance_6,asks_distance_7,asks_distance_8,asks_distance_9,asks_distance_10,asks_distance_11,asks_distance_12,asks_distance_13,asks_distance_14,asks_notional_0,asks_notional_1,asks_notional_2,asks_notional_3,asks_notional_4,asks_notional_5,asks_notional_6,asks_notional_7,asks_notional_8,asks_notional_9,asks_notional_10,asks_notional_11,asks_notional_12,asks_notional_13,asks_notional_14,asks_cancel_notional_0,asks_cancel_notional_1,asks_cancel_notional_2,asks_cancel_notional_3,asks_cancel_notional_4,asks_cancel_notional_5,asks_cancel_notional_6,asks_cancel_notional_7,asks_cancel_notional_8,asks_cancel_notional_9,asks_cancel_notional_10,asks_cancel_notional_11,asks_cancel_notional_12,asks_cancel_notional_13,asks_cancel_notional_14,asks_limit_notional_0,asks_limit_notional_1,asks_limit_notional_2,asks_limit_notional_3,asks_limit_notional_4,asks_limit_notional_5,asks_limit_notional_6,asks_limit_notional_7,asks_limit_notional_8,asks_limit_notional_9,asks_limit_notional_10,asks_limit_notional_11,asks_limit_notional_12,asks_limit_notional_13,asks_limit_notional_14,asks_market_notional_0,asks_market_notional_1,asks_market_notional_2,asks_market_notional_3,asks_market_notional_4,asks_market_notional_5,asks_market_notional_6,asks_market_notional_7,asks_market_notional_8,asks_market_notional_9,asks_market_notional_10,asks_market_notional_11,asks_market_notional_12,asks_market_notional_13,asks_market_notional_14,tic,adjcp,date,pct_return,adjcp_filtered,pct_return_filtered,label,stock_type
0,500,500,2021-04-17 09:00:00.450860+00:00,62436.085,0.01,227217.64147625203,18516.9882803692,-8.008189666952603e-08,-6.8069612098042845e-06,-6.9671250457759015e-06,-7.127288427000168e-06,-1.8018426999333315e-05,-1.8178590835304927e-05,-3.67575885320548e-05,-3.755840953090228e-05,-3.916004789061844e-05,-9.986212535295635e-05,-0.0001000222837319,-0.0001011434360407,-0.0001245273451786,-0.0001246875035576,-0.0001757797581376,578910.9375,26626.080078125,147028.6875,22475.310546875,120861.90625,29157.119140625,5057.14013671875,917.780029296875,917.77001953125,18337.5,30028.75,4023.7099609375,22472.669921875,99804.5,16927.150390625,1656755.875,0.0,0.0,23338.98046875,0.0,0.0,0.0,0.0,0.0,0.0,0.0,0.0,0.0,308124.28125,430430.78125,2236347.75,26626.080078125,147028.6875,45814.2890625,120861.90625,29157.119140625,5057.14013671875,917.780029296875,917.77001953125,18337.5,30028.75,4023.7099609375,22472.669921875,408553.09375,447420.1875,681.0599975585938,0.0,0.0,0.0,0.0,0.0,0.0,0.0,0.0,0.0,0.0,0.0,0.0,624.280029296875,62.27000045776367,8.008189666952603e-08,1.4334658771986142e-05,1.9940391212003306e-05,2.890956420742441e-05,2.9069728043396023e-05,4.796905341208912e-05,4.973085742676631e-05,5.373495150706731e-05,6.622773071285337e-05,9.297508222516626e-05,0.0001065890028257,0.0001094719482352,0.0001120345696108,0.0001320550509262,0.000133656678372,13552.98046875,4801.3701171875,312.19000244140625,312.19000244140625,672.52001953125,249.759994506836,509.5,170.6300048828125,153.10000610351562,351.32000732421875,592.5800170898438,7.329999923706055,62.45000076293945,62.45000076293945,415.0700073242188,46003.01953125,0.0,0.0,152320.296875,38383.9296875,2157.7099609375,0.0,29788.470703125,0.0,2497.679931640625,8667.330078125,0.0,0.0,12507.599609375,0.0,60019.078125,4801.3701171875,312.19000244140625,152632.484375,39056.44140625,2407.469970703125,509.5,29959.099609375,153.10000610351562,2848.989990234375,9259.91015625,7.329999923706055,62.45000076293945,12570.0498046875,415.0700073242188,463.0799865722656,0.0,0.0,0.0,0.0,0.0,0.0,0.0,0.0,0.0,0.0,0.0,0.0,0.0,0.0,OE_BTC,62436.085,2021-04-17 09:00:00.450860+00:00,0.0009989775350296,62399.23883519781,-1.2908778170654197e-05,0,0
1,501,501,2021-04-17 09:01:00.450860+00:00,62422.805,0.01,190736.38302957945,294825.8746007667,-8.00989283789022e-08,-7.697507680859417e-05,-9.395604865858331e-05,-0.0001005241574603,-0.0001010047562886,-0.0001266364124603,-0.0002296436432516,-0.0002304446243215,-0.0002777029876597,-0.0002778632042463,-0.0002780233917292,-0.0002954849624074,-0.0003132669080514,-0.0003936862631235,-0.0004233228683006,10173.23046875,7186.27001953125,23094.26953125,9890.9599609375,3118.31005859375,1253.4200439453125,36696.1796875,22465.509765625,26114.109375,22464.439453125,17264.75,5000.0,26858.359375,293.4200134277344,44954.359375,111970.1875,0.0,0.0,0.0,0.0,0.0,0.0,0.0,0.0,0.0,0.0,0.0,0.0,0.0,0.0,122143.421875,7186.27001953125,23094.26953125,9890.9599609375,3118.31005859375,1253.4200439453125,36696.1796875,22465.509765625,26114.109375,22464.439453125,17264.75,5000.0,26858.359375,0.0,44954.359375,0.0,0.0,0.0,0.0,0.0,0.0,0.0,0.0,0.0,0.0,0.0,0.0,0.0,0.0,0.0,8.00989283789022e-08,6.848458724562079e-05,6.976616714382544e-05,0.0001048495032591,0.0001580351963639,0.0001581953838467,0.0001803026971174,0.0002068955363938,0.0002070557384286,0.0002174685942009,0.0002344495733268,0.0002448624290991,0.0002459838287904,0.0002834701153915,0.0003222379891667,7091.64013671875,2965.2900390625,19996.380859375,5000.0,19956.73046875,112985.6328125,2759.080078125,4481.10986328125,83663.8828125,20731.55078125,3121.8701171875,13461.650390625,13791.4599609375,22665.900390625,3122.14990234375,19975.30078125,0.0,0.0,0.0,0.0,216866.5625,0.0,0.0,0.0,0.0,0.0,0.0,0.0,0.0,0.0,27163.349609375,2965.2900390625,19996.380859375,5000.0,19956.73046875,329852.1875,2759.080078125,4481.10986328125,83663.8828125,20731.55078125,3121.8701171875,13461.650390625,13791.4599609375,22665.900390625,3122.14990234375,96.41999816894533,0.0,0.0,0.0,0.0,0.0,0.0,0.0,0.0,0.0,0.0,0.0,0.0,0.0,0.0,OE_BTC,62422.805,2021-04-17 09:01:00.450860+00:00,-0.0002126975129846,62403.26417100986,-5.9881537999131307e-05,0,0
2,502,502,2021-04-17 09:02:00.450860+00:00,62371.135,0.01,30774.5980175356,148597.65521471517,-8.016528596499486e-08,-2.404958650004119e-07,-5.5233882449101663e-05,-7.030495908111334e-05,-7.992479368112981e-05,-9.69198299571872e-05,-0.0001041347059071,-0.0001408504176652,-0.0001419727195752,-0.0001923165254993,-0.0001924768585013,-0.0001940801594173,-0.0002433016488794,-0.0002463479177094,-0.0002657479199115,80206.4921875,340.3599853515625,18174.91015625,686.030029296875,46.59999847412109,9882.8095703125,6236.4599609375,83060.40625,22448.900390625,22447.76953125,7310.6298828125,19992.720703125,5000.0,22897.0390625,19992.439453125,351.0199890136719,0.0,0.0,27450.509765625,0.0,0.0,0.0,0.0,0.0,0.0,0.0,0.0,0.0,0.0,0.0,80785.6484375,0.0,18174.91015625,27450.509765625,0.0,9882.8095703125,6236.4599609375,83060.40625,22448.900390625,22447.76953125,7310.6298828125,19992.720703125,5000.0,22897.0390625,19992.439453125,228.13999938964844,0.0,0.0,0.0,0.0,0.0,0.0,0.0,0.0,0.0,0.0,0.0,0.0,0.0,0.0,8.016528596499486e-08,2.404958650004119e-07,3.695619670907036e-05,6.08454538451042e-05,6.116611621109769e-05,6.260909140110016e-05,6.276941712712869e-05,7.591652683913709e-05,7.655785157112405e-05,0.0001430950360372,0.0001573644549353,0.0001746801572153,0.0002352851151954,0.0002354454481974,0.0002364074316574,9841.0498046875,623.7100219726562,19998.5390625,114417.9375,111903.2890625,110646.109375,7082.27001953125,788.72998046875,83583.71875,20000.619140625,20713.140625,29319.55078125,19941.75,68624.3984375,173991.453125,83577.328125,0.0,0.0,0.0,23078.73046875,0.0,0.0,0.0,3163.9599609375,0.0,0.0,27478.2890625,0.0,0.0,1222599.5,94273.71875,623.7100219726562,19998.5390625,114417.9375,134982.015625,110646.109375,7082.27001953125,788.72998046875,86747.6796875,20000.619140625,20713.140625,56797.83984375,19941.75,68624.3984375,1398527.75,855.3499755859375,0.0,0.0,0.0,0.0,0.0,0.0,0.0,0.0,0.0,0.0,0.0,0.0,0.0,1936.8199462890625,OE_BTC,62371.135,2021-04-17 09:02:00.450860+00:00,-0.000827742361145,62394.77650070315,-0.0001121619284333,0,0
3,503,503,2021-04-17 09:03:00.450860+00:00,62357.165,5.05,41653.2440886122,18116.8280672079,-4.0492541302228346e-05,-5.733102079830133e-05,-0.0001638143730815,-0.000226357311476,-0.000227159136557,-0.0002273195132147,-0.0002350170980207,-0.0002422335965093,-0.0002430354215903,-0.0002431957836961,-0.000256987317698,-0.000314558885293,-0.0003198509803041,-0.0003910537052433,-0.0004535966436378,152145.3125,3010.7900390625,85.37999725341797,6733.0498046875,26087.970703125,118563.6328125,134548.703125,37592.26171875,136280.078125,113815.796875,251.6300048828125,82958.8125,9878.3896484375,62.33000183105469,62.33000183105469,6232.0400390625,0.0,0.0,0.0,0.0,26087.9609375,3010.25,0.0,2714.679931640625,1067991.0,0.0,0.0,0.0,0.0,0.0,158377.359375,3010.7900390625,85.37999725341797,6733.0498046875,26087.970703125,144651.59375,137558.953125,37592.26171875,138994.765625,1067991.0,0.0,82958.8125,9878.3896484375,0.0,0.0,0.0,0.0,0.0,0.0,0.0,0.0,0.0,0.0,0.0,1693.800048828125,0.0,0.0,0.0,0.0,0.0,4.0492541302228346e-05,0.0001383160997647,0.0001538716460345,0.0002111224894179,0.0002581098815426,0.0002582702436484,0.0002656471042428,0.0002948337933048,0.0003374912776052,0.0003788658359553,0.0003790261980611,0.0003862426965497,0.0003870445361826,0.000411259883549,0.0004197593079879,122530.546875,23075.33984375,20.809999465942383,2896.050048828125,17506.830078125,4481.080078125,20710.75,30203.650390625,3118.909912109375,19940.150390625,3119.0400390625,24952.5,30042.830078125,21334.919921875,2088.2099609375,0.0,0.0,2906894.5,0.0,0.0,0.0,0.0,0.0,0.0,0.0,0.0,0.0,0.0,0.0,0.0,122530.546875,23075.33984375,2914112.5,2896.050048828125,17506.830078125,4481.080078125,20710.75,30203.650390625,3118.909912109375,19940.150390625,3119.0400390625,24952.5,30042.830078125,21334.919921875,2088.2099609375,0.0,0.0,7197.240234375,0.0,0.0,0.0,0.0,0.0,0.0,0.0,0.0,0.0,0.0,0.0,0.0,OE_BTC,62357.165,2021-04-17 09:03:00.450860+00:00,-0.0002239818146647,62377.06220242241,-0.0001626167511966,0,0
4,504,504,2021-04-17 09:04:00.450860+00:00,62348.995,0.01,50959.760351328,20862.07523472049,-8.019375741241674e-08,-0.0001121910609072,-0.0001259843847947,-0.0001473159209126,-0.0001649585465202,-0.0001665624295128,-0.0001668831973802,-0.0001705721224425,-0.0001707324991002,-0.0001716948318062,-0.0001745818008203,-0.0002600683365017,-0.0002823622198775,-0.0003226194821763,-0.0003391393984202,74937.1484375,126284.203125,251.6300048828125,916.4000244140624,916.3800048828124,6893.509765625,4940.56982421875,26086.029296875,22440.2890625,85328.6484375,9878.5302734375,62.33000183105469,5945.93017578125,62.33000183105469,6731.41015625,681065.5,0.0,0.0,0.0,0.0,0.0,0.0,0.0,0.0,0.0,0.0,0.0,0.0,0.0,0.0,756876.1875,12468.400390625,0.0,916.4000244140624,916.3800048828124,6893.509765625,4940.56982421875,26086.029296875,22440.2890625,85328.6484375,9878.5302734375,0.0,5945.93017578125,0.0,6731.41015625,873.52001953125,0.0,0.0,0.0,0.0,0.0,0.0,0.0,0.0,0.0,0.0,0.0,0.0,0.0,0.0,8.019375741241674e-08,1.8203982108389027e-05,1.900591996673029e-05,2.413832044112496e-05,4.707373227574863e-05,7.899085176177323e-05,8.829332364257425e-05,0.0001011243221,0.0001381738402415,0.0001383342314511,0.0001384946081088,0.0001518067729193,0.0001545333652757,0.0002348875132156,0.000239057582803,53993.4296875,20001.099609375,51657.12109375,8859.330078125,20001.119140625,916.5999755859376,916.6099853515624,916.6199951171876,4480.759765625,19932.740234375,3117.8798828125,7693.47998046875,5000.0,27377.640625,23099.58984375,579362.25,0.0,0.0,0.0,0.0,0.0,0.0,0.0,0.0,0.0,0.0,0.0,0.0,68670.71875,0.0,638700.0625,20001.099609375,51657.12109375,8859.330078125,20001.119140625,916.5999755859376,916.6099853515624,916.6199951171876,4480.759765625,19932.740234375,3117.8798828125,7693.47998046875,5000.0,96048.359375,23099.58984375,5344.41015625,0.0,0.0,0.0,0.0,0.0,0.0,0.0,0.0,0.0,0.0,0.0,0.0,0.0,0.0,OE_BTC,62348.995,2021-04-17 09:04:00.450860+00:00,-0.0001310194265566,62354.45000440445,-0.0002041523810489,0,0
5,505,505,2021-04-17 09:05:00.450860+00:00,62348.995,0.01,25397.59954326,6696.9817051577,-8.019375741241674e-08,-1.467545735067688e-05,-3.0072658773860887e-05,-3.0233046345529143e-05,-3.0393432098207995e-05,-3.552583439159207e-05,-4.290365905035287e-05,-4.3224434193689376e-05,-6.824488809797913e-05,-0.0001032093641697,-0.0001040112983901,-0.0001121910609072,-0.0001137949366238,-0.0001259843847947,-0.0001598261587787,197304.328125,23068.7890625,26089.689453125,116276.0390625,916.5,106035.6796875,5000.0,916.489990234375,6733.22998046875,37156.171875,114970.5703125,113815.796875,2587.330078125,251.6300048828125,22440.529296875,4591445.5,0.0,0.0,0.0,0.0,0.0,0.0,0.0,0.0,0.0,0.0,42267.87890625,0.0,916.4099731445312,0.0,4720509.5,23068.7890625,26089.689453125,116276.0390625,916.5,106035.6796875,5000.0,916.489990234375,6733.22998046875,37156.171875,114970.5703125,29799.48046875,2587.330078125,916.4099731445312,22440.529296875,6696.97998046875,0.0,0.0,0.0,0.0,0.0,0.0,0.0,0.0,0.0,0.0,0.0,0.0,0.0,0.0,8.019375741241674e-08,8.203821198549123e-05,9.61523110163398e-05,0.0001083417591871,0.0001211727649206,0.0001378530578222,0.000180997303687,0.0002127540356013,0.0002148390631191,0.0002347271220059,0.0002741824428085,0.0002743428340181,0.0002745032252278,0.0002805979456752,0.0002847680298145,74077.9375,19999.060546875,69120.5078125,916.6300048828124,916.6400146484376,916.6599731445312,8860.7197265625,17162.05078125,2494.5,3916.260009765625,4480.60009765625,19935.44921875,19620.380859375,18596.369140625,83571.453125,467017.59375,0.0,0.0,0.0,0.0,0.0,0.0,0.0,0.0,0.0,0.0,0.0,0.0,0.0,0.0,512499.6875,19999.060546875,69120.5078125,916.6300048828124,916.6400146484376,916.6599731445312,8860.7197265625,17162.05078125,2494.5,3916.260009765625,4480.60009765625,19935.44921875,19620.380859375,18596.369140625,0.0,25397.599609375,0.0,0.0,0.0,0.0,0.0,0.0,0.0,0.0,0.0,0.0,0.0,0.0,0.0,0.0,OE_BTC,62348.995,2021-04-17 09:05:00.450860+00:00,0.0,62329.491165615706,-0.0002315698683327,0,0
6,506,506,2021-04-17 09:06:00.450860+00:00,62315.665,0.01,26755.082789166903,127902.32256454602,-8.023664577194722e-08,-3.522388942656107e-05,-5.961582792224362e-05,-7.453984289895743e-05,-7.855167496018112e-05,-0.0002862041292246,-0.0002863645786419,-0.0002865250571629,-0.0002906973822973,-0.0003110774850938,-0.0003731806355062,-0.0003804019361268,-0.0004218040558043,-0.0004399375466164,-0.0004417027521412,576.9600219726562,5000.0,2554.27001953125,311.5599975585937,1559.489990234375,26069.0703125,28655.48046875,4848.16015625,7097.169921875,17721.75,2491.699951171875,19992.0703125,38058.80859375,48530.05078125,84331.90625,127357.53125,0.0,0.0,0.0,0.0,0.0,0.0,0.0,0.0,0.0,0.0,0.0,0.0,26065.060546875,0.0,127622.921875,5000.0,2554.27001953125,0.0,1559.489990234375,26069.0703125,28655.48046875,4848.16015625,7097.169921875,17721.75,2491.699951171875,19992.0703125,38058.80859375,74595.109375,84331.90625,0.0,0.0,0.0,0.0,0.0,0.0,0.0,0.0,0.0,0.0,0.0,0.0,0.0,0.0,0.0,8.023664577194722e-08,2.407099373158417e-07,1.3559993021772245e-05,2.4311704692081548e-05,2.607691021694336e-05,6.9244226324372e-05,0.0001127324867411,0.0001281379227293,0.0001441852509742,0.0001443457294953,0.0001735518599161,0.0001737123384373,0.0002533070801291,0.0002541094727348,0.0002542699221521,98822.6328125,8991.7099609375,23057.109375,3393.280029296875,3115.860107421875,20000.8203125,17536.349609375,301.2200012207031,19922.19921875,20003.7109375,4480.509765625,7308.740234375,24932.580078125,28086.490234375,84652.421875,697862.3125,201638.109375,0.0,0.0,0.0,0.0,0.0,0.0,0.0,0.0,0.0,0.0,0.0,0.0,0.0,796824.6875,210629.8125,23057.109375,3393.280029296875,3115.860107421875,20000.8203125,17536.349609375,301.2200012207031,19922.19921875,20003.7109375,4480.509765625,7308.740234375,24932.580078125,28086.490234375,84652.421875,139.77000427246094,0.0,0.0,0.0,0.0,0.0,0.0,0.0,0.0,0.0,0.0,0.0,0.0,0.0,0.0,OE_BTC,62315.665,2021-04-17 09:06:00.450860+00:00,-0.0005345715676732,62303.74180697316,-0.0002428657894606,0,0
7,507,507,2021-04-17 09:07:00.450860+00:00,62281.525,0.01,19397.327734444512,73137.47458518189,-8.028062836729077e-08,-2.1434927475638688e-05,-9.240300278179348e-05,-9.930713713401929e-05,-0.0001452276628697,-0.0001932354789459,-0.0001998184889089,-0.0002004607376875,-0.0002230998652521,-0.0002277561434311,-0.0002377109485678,-0.0002656485885381,-0.0002857187646441,-0.0003276252537034,-0.0003608614206314,6928.4599609375,65.62000274658203,570.0700073242188,22309.01953125,5000.0,2490.780029296875,17285.990234375,22415.33984375,7754.68017578125,19994.2109375,326.29998779296875,4811.6201171875,11857.6796875,19992.2109375,26052.83984375,77594.140625,265.5799865722656,0.0,0.0,0.0,0.0,0.0,0.0,0.0,0.0,23038.689453125,0.0,0.0,0.0,0.0,84522.6015625,331.20001220703125,570.0700073242188,22309.01953125,5000.0,2490.780029296875,17285.990234375,22415.33984375,7754.68017578125,19994.2109375,23364.990234375,4811.6201171875,11857.6796875,19992.2109375,26052.83984375,0.0,0.0,0.0,0.0,0.0,0.0,0.0,0.0,0.0,0.0,0.0,0.0,0.0,0.0,0.0,8.028062836729077e-08,6.285973358899355e-05,0.0001026789250317,0.0001182533669634,0.0001310982625,0.0001360756723443,0.000136236223625,0.0001439431653125,0.0001540585217298,0.0001588753657415,0.0001633710780879,0.0002134661917807,0.0002346602850593,0.00023482083634,0.0002349814021727,22999.259765625,3134.10009765625,23046.529296875,915.6500244140624,915.6599731445312,4480.47021484375,147.6300048828125,20003.1796875,915.6799926757812,7851.4599609375,9547.669921875,20003.029296875,17025.83984375,19913.08984375,14931.8095703125,15478.2099609375,0.0,0.0,0.0,0.0,0.0,1513983.375,0.0,0.0,0.0,0.0,0.0,0.0,0.0,0.0,38477.46875,3134.10009765625,23046.529296875,915.6500244140624,915.6599731445312,4480.47021484375,1514226.375,20003.1796875,915.6799926757812,7851.4599609375,9547.669921875,20003.029296875,17025.83984375,19913.08984375,14931.8095703125,0.0,0.0,0.0,0.0,0.0,0.0,95.30999755859376,0.0,0.0,0.0,0.0,0.0,0.0,0.0,0.0,OE_BTC,62281.525,2021-04-17 09:07:00.450860+00:00,-0.0005478558240532,62280.11267275579,-0.0002397577826513,0,0
8,508,508,2021-04-17 09:08:00.450860+00:00,62245.885,0.01,68788.92406920421,95178.08035542596,-8.032659337686712e-08,-2.3375039745587856e-05,-2.3535692889709026e-05,-2.36963460338302e-05,-3.895839836332016e-05,-5.1810653530992574e-05,-8.2816717622336e-05,-9.052807581610978e-05,-9.133134153671564e-05,-9.374113869853318e-05,-0.0001162325861514,-0.0001165538924396,-0.0001536647760076,-0.0001567171857459,-0.000159448289196,194983.234375,25820.859375,68468.859375,1287.6300048828125,921.2000122070312,921.1900024414062,103047.7734375,7468.830078125,19995.5390625,11913.9404296875,8401.4697265625,17059.669921875,520.9199829101561,2489.449951171875,6033.669921875,0.0,0.0,89657.8828125,198558.15625,0.0,0.0,0.0,0.0,0.0,0.0,145392.796875,0.0,0.0,0.0,0.0,194983.234375,25820.859375,158126.734375,199845.78125,921.2000122070312,921.1900024414062,103047.7734375,7468.830078125,19995.5390625,11913.9404296875,153794.265625,17059.669921875,0.0,2489.449951171875,6033.669921875,0.0,0.0,0.0,0.0,0.0,0.0,0.0,0.0,0.0,0.0,0.0,0.0,0.0,0.0,0.0,8.032659337686712e-08,2.40979773025174e-07,0.0001661957212489,0.0001710153155727,0.0001761562161846,0.0002039492246694,0.0002169621293433,0.0002309389674337,0.0002608204667922,0.0002709416148718,0.0002858823572751,0.0002860430104192,0.0002866856229957,0.0002953608927782,0.0003059640002902,501.6300048828125,622.4600219726562,615.0900268554688,615.0900268554688,7361.419921875,22303.009765625,2567.949951171875,5000.0,2568.090087890625,921.489990234375,19902.720703125,921.5,17590.759765625,20002.380859375,921.52001953125,2025.800048828125,0.0,0.0,0.0,0.0,0.0,0.0,0.0,0.0,0.0,0.0,0.0,0.0,0.0,0.0,2527.43994140625,622.4600219726562,615.0900268554688,615.0900268554688,7361.419921875,22303.009765625,2567.949951171875,5000.0,2568.090087890625,921.489990234375,19902.720703125,921.5,17590.759765625,20002.380859375,921.52001953125,0.0,0.0,0.0,0.0,0.0,0.0,0.0,0.0,0.0,0.0,0.0,0.0,0.0,0.0,0.0,OE_BTC,62245.885,2021-04-17 09:08:00.450860+00:00,-0.000572240323274,62263.175608514925,-0.0002273357745469,0,0
9,509,509,2021-04-17 09:09:00.450860+00:00,62257.195,0.01,11861.449049989596,10452.616894043102,-8.031200593450195e-08,-4.7946265112841495e-05,-5.565621904679574e-05,-0.0001139627347583,-0.000115408351121,-0.0001309888757532,-0.000152994369273,-0.0001558856019983,-0.0001782123290468,-0.0001817460579331,-0.0001859222829807,-0.000196041597519,-0.0001962022215593,-0.0002252751728519,-0.0002691255067475,2041.300048828125,68479.6328125,2812.080078125,81535.1796875,11915.83984375,5184.5498046875,17157.669921875,124.48999786376952,921.239990234375,1202.4100341796875,5000.0,6224.5,921.22998046875,19994.009765625,25819.19921875,0.0,0.0,0.0,0.0,0.0,0.0,0.0,0.0,0.0,664027.625,0.0,0.0,0.0,0.0,0.0,2041.300048828125,68479.6328125,2812.080078125,81535.1796875,11915.83984375,5184.5498046875,17157.669921875,124.48999786376952,921.239990234375,470520.25,5000.0,6224.5,921.22998046875,19994.009765625,25819.19921875,0.0,0.0,0.0,0.0,0.0,0.0,0.0,0.0,0.0,273.45999145507807,0.0,0.0,0.0,0.0,0.0,8.031200593450195e-08,4.168192754150368e-05,4.18425515817944e-05,5.581684308708645e-05,0.000141911310493,0.0001550824817968,0.0001552431058371,0.0001555643539177,0.0001565280981594,0.0001602224510861,0.0001730723597574,0.0001859222829807,0.0001937928609549,0.0001939534849952,0.0001941141090355,1653.510009765625,3587.1201171875,19999.349609375,13183.0703125,20001.349609375,4480.10009765625,19903.73046875,402.2799987792969,22306.009765625,921.5499877929688,921.5700073242188,921.5800170898438,18372.810546875,84686.2109375,33533.83984375,191175.515625,15472.7998046875,0.0,28696.83984375,0.0,0.0,0.0,0.0,0.0,0.0,0.0,0.0,0.0,10529.7099609375,1106087.0,193074.875,19059.919921875,19999.349609375,41879.91015625,20001.349609375,4480.10009765625,19903.73046875,402.2799987792969,22306.009765625,921.5499877929688,921.5700073242188,921.5800170898438,18372.810546875,95215.921875,1140332.5,245.8600006103516,0.0,0.0,0.0,0.0,0.0,0.0,0.0,0.0,0.0,0.0,0.0,0.0,0.0,711.6599731445312,OE_BTC,62257.195,2021-04-17 09:09:00.450860+00:00,0.0001816987580784,62256.42749321152,-0.0002128475633047,0,0
10,510,510,2021-04-17 09:10:00.450860+00:00,62249.805,0.01,48977.7377330884,50676.60516747311,-8.032153431258848e-08,-1.0843407835636754e-05,-1.1646622624539305e-05,-1.1807265764218757e-05,-1.2610481462616008e-05,-1.2771124602295457e-05,-1.2931767741974907e-05,-1.309241088165436e-05,-1.6947844414971772e-05,-2.610449882922694e-05,-3.863465826725587e-05,-3.895594636560418e-05,-4.265073584974744e-05,-7.863478094805032e-05,-8.602436719229445e-05,380544.9375,7843.39013671875,25822.7890625,114143.46875,126333.453125,22408.130859375,130766.15625,921.2899780273438,86376.3671875,921.27001953125,25147.94921875,921.260009765625,87146.0078125,16013.3798828125,4393.60986328125,1396009.375,0.0,0.0,25822.779296875,0.0,0.0,0.0,0.0,0.0,0.0,0.0,0.0,0.0,1367868.125,0.0,1791620.25,7843.39013671875,25822.7890625,139966.265625,126333.453125,22408.130859375,130766.15625,921.2899780273438,86376.3671875,921.27001953125,25147.94921875,921.260009765625,87146.0078125,1385637.625,4393.60986328125,15065.900390625,0.0,0.0,0.0,0.0,0.0,0.0,0.0,0.0,0.0,0.0,0.0,0.0,1756.1500244140625,0.0,8.032153431258848e-08,2.409646242540475e-07,0.0001186349109048,0.000118795549497,0.0001281128497794,0.0001745386980473,0.0003128523821942,0.0003480332088656,0.0003483545151539,0.0003491577226668,0.0003873907844536,0.0003875514084938,0.0004216077504679,0.0004280334687791,0.0004415274888742,19346.119140625,622.5,3782.75,97.4000015258789,35156.96875,13183.0703125,33145.859375,19905.2109375,16820.3203125,19999.470703125,4480.2001953125,384.75,2491.0400390625,22309.41015625,3113.860107421875,1054.300048828125,0.0,0.0,1653.510009765625,0.0,23036.44921875,387.9800109863281,0.0,0.0,0.0,0.0,0.0,0.0,0.0,2491.090087890625,21684.2890625,622.5,3782.75,97.4000015258789,35156.96875,23036.44921875,0.0,19905.2109375,16820.3203125,19999.470703125,4480.2001953125,384.75,2491.0400390625,22309.41015625,5604.9599609375,1283.8699951171875,0.0,0.0,0.0,0.0,0.0,0.0,0.0,0.0,0.0,0.0,0.0,0.0,0.0,0.0,OE_BTC,62249.805,2021-04-17 09:10:00.450860+00:00,-0.0001187011396834,62258.93516985554,-0.0002038504400732,0,0
11,511,511,2021-04-17 09:11:00.450860+00:00,62275.565,0.01,113361.6391789562,26439.736517698,-8.028830933426434e-08,-4.576433639158496e-06,-7.6273895501799424e-06,-1.3247571587271526e-05,-1.5977373550413173e-05,-2.625427805469372e-05,-3.8939830119488754e-05,-3.910040686605498e-05,-3.9421560359187424e-05,-8.085033186944202e-05,-0.0001012435604934,-0.0001103964314097,-0.0001227608299814,-0.0001576059585204,-0.0001773568801581,401197.5625,1101.3299560546875,19993.75,915.4400024414062,11920.5400390625,915.4299926757812,22416.810546875,915.4199829101562,5000.0,68497.578125,19991.880859375,8119.6201171875,2926.590087890625,19991.4609375,311.0199890136719,1288118.375,32119.130859375,0.0,0.0,0.0,0.0,0.0,0.0,0.0,0.0,0.0,0.0,0.0,0.0,672021.5,1689342.75,33220.46875,19993.75,915.4400024414062,11920.5400390625,915.4299926757812,22416.810546875,915.4199829101562,5000.0,68497.578125,19991.880859375,8119.6201171875,2926.590087890625,19991.4609375,672610.6875,26.81999969482422,0.0,0.0,0.0,0.0,0.0,0.0,0.0,0.0,0.0,0.0,0.0,0.0,0.0,278.1199951171875,8.028830933426434e-08,6.784362631151453e-05,6.816477980464697e-05,0.000168525162735,0.0002064212458208,0.0002130048960679,0.0002317923499504,0.0002319529303349,0.0002327558177057,0.0002351644652662,0.0002684038190636,0.0002685644140001,0.0002698490279726,0.0002862278197426,0.0003229998692404,6696.97998046875,3784.1201171875,1000.0,289.010009765625,19998.029296875,162.97000122070312,17740.689453125,12870.98046875,7805.1298828125,22314.33984375,19911.859375,15325.6396484375,11408.2197265625,20000.33984375,350.6400146484375,1902.43994140625,0.0,22310.619140625,0.0,0.0,0.0,0.0,2491.60009765625,0.0,0.0,0.0,0.0,2491.68994140625,0.0,0.0,26054.740234375,3784.1201171875,23310.619140625,0.0,19998.029296875,162.97000122070312,17740.689453125,2491.60009765625,7805.1298828125,22314.33984375,19911.859375,15325.6396484375,13899.919921875,20000.33984375,0.0,17455.3203125,0.0,0.0,0.0,0.0,0.0,0.0,0.0,0.0,0.0,0.0,0.0,0.0,0.0,0.0,OE_BTC,62275.565,2021-04-17 09:11:00.450860+00:00,0.000413816557337,62264.48030732298,-0.0002062393849594,0,0
12,512,512,2021-04-17 09:12:00.450860+00:00,62275.575,0.01,23026.571728748,19943.5211919297,-8.028830222883698e-08,-0.0003737420192919,-0.0003917266149073,-0.0003970256366301,-0.0004084265674464,-0.0004098717763554,-0.000413725618273,-0.0004138861841056,-0.0004248053883202,-0.0004522639792412,-0.0004524245741777,-0.000455314933788,-0.0004655918455682,-0.0004761898890137,-0.0004776350979227,2702.919921875,23033.349609375,11916.0703125,921.3099975585938,912.5900268554688,921.2999877929688,22408.41015625,7299.419921875,6759.72021484375,25822.099609375,5000.0,45292.21875,17493.759765625,615.510009765625,16967.5703125,0.0,0.0,0.0,0.0,0.0,0.0,0.0,17072.359375,0.0,0.0,0.0,26959.26953125,0.0,0.0,0.0,2702.919921875,23033.349609375,11916.0703125,921.3099975585938,912.5900268554688,921.2999877929688,22408.41015625,0.0,6759.72021484375,25822.099609375,5000.0,72251.4921875,17493.759765625,615.510009765625,16967.5703125,0.0,0.0,0.0,0.0,0.0,0.0,0.0,0.0,0.0,0.0,0.0,0.0,0.0,0.0,0.0,8.028830222883698e-08,2.408648924756563e-07,5.218739261181328e-06,6.021622539265081e-06,2.753888657025527e-05,2.946580571006052e-05,2.9626382456626743e-05,6.575611769221723e-05,9.193010191665962e-05,0.0001050973805831,0.0001059002679539,0.0001388184755342,0.0001672405342105,0.000168203987414,0.0001683645677985,249101.203125,604.0700073242188,24972.640625,22309.240234375,19999.0,3783.97998046875,5000.0,20000.51953125,27771.23046875,4920.2900390625,3114.110107421875,30010.349609375,4920.58984375,84709.03125,84709.0390625,891352.5,0.0,0.0,0.0,0.0,0.0,0.0,0.0,0.0,0.0,0.0,0.0,0.0,139181.96875,121881.921875,1150739.875,604.0700073242188,24972.640625,22309.240234375,19999.0,3783.97998046875,5000.0,20000.51953125,27771.23046875,4920.2900390625,3114.110107421875,30010.349609375,4920.58984375,223890.984375,206590.953125,10286.2197265625,0.0,0.0,0.0,0.0,0.0,0.0,0.0,0.0,0.0,0.0,0.0,0.0,0.0,0.0,OE_BTC,62275.575,2021-04-17 09:12:00.450860+00:00,1.605766242196438e-07,62264.12648249847,-0.0002227947763325,0,0
13,513,513,2021-04-17 09:13:00.450860+00:00,62229.275,2.45,48469.30530581,60167.128769838,-1.968526885320898e-05,-2.177431815653108e-05,-6.934035627637058e-05,-6.950105307623744e-05,-6.982243940001354e-05,-7.705376629019156e-05,-8.878458174876869e-05,-9.56945077632554e-05,-9.778355888556688e-05,-0.0001109606382669,-0.0001281551230931,-0.0001386003568768,-0.0001614192005945,-0.0002025573921855,-0.0002028787857852,68450.859375,84.88999938964844,25812.779296875,22399.4609375,68447.421875,5000.0,18310.5,103032.0,130728.5078125,104138.28125,2488.85009765625,19994.939453125,29068.8203125,17091.220703125,5490.83984375,0.0,180.13999938964844,0.0,0.0,0.0,0.0,0.0,0.0,22398.830078125,0.0,0.0,0.0,0.0,0.0,0.0,68450.859375,265.02999877929693,25812.779296875,22399.4609375,68447.421875,5000.0,18310.5,103032.0,153127.34375,104138.28125,2488.85009765625,19994.939453125,29068.8203125,17091.220703125,5490.83984375,0.0,0.0,0.0,0.0,0.0,0.0,0.0,0.0,0.0,0.0,0.0,0.0,0.0,0.0,0.0,1.968526885320898e-05,1.984596565307584e-05,8.749900734983385e-05,9.215919999405742e-05,9.698008216219024e-05,0.0001410108088748,0.0001451888965675,0.0001593301567481,0.0001826310908654,0.0002162165619665,0.0002163772587664,0.0002165379555663,0.0002371070586377,0.0002967253094539,0.0002991357468999,479.1700134277344,676.5900268554688,614.8800048828125,614.8800048828125,19999.650390625,5992.4501953125,22295.75,3152.7900390625,20001.359375,4479.7001953125,16906.91015625,18414.599609375,20003.4609375,25988.4296875,19897.669921875,0.0,1769.56005859375,0.0,0.0,0.0,0.0,0.0,0.0,0.0,0.0,0.0,0.0,0.0,0.0,0.0,479.1700134277344,2493.919921875,614.8800048828125,614.8800048828125,19999.650390625,5992.4501953125,22295.75,3152.7900390625,20001.359375,4479.7001953125,16906.91015625,18414.599609375,20003.4609375,25988.4296875,19897.669921875,0.0,47.77000045776367,0.0,0.0,0.0,0.0,0.0,0.0,0.0,0.0,0.0,0.0,0.0,0.0,0.0,OE_BTC,62229.275,2021-04-17 09:13:00.450860+00:00,-0.000743469650822,62250.55414537407,-0.0002527378998906,0,0
14,514,514,2021-04-17 09:14:00.450860+00:00,62225.2,5.28,157078.03682682928,4572.8645663975,-4.242654176778161e-05,-5.222964318818413e-05,-5.239035090198741e-05,-5.560448335018009e-05,-6.862171721877529e-05,-8.035329665290192e-05,-8.147824701154605e-05,-0.0001068698838935,-0.0001070305952453,-0.0001071912993211,-0.0001078341229003,-0.0001459215854993,-0.0001846518716774,-0.0002597018610686,-0.000278825929854,6222.259765625,2576.0400390625,68444.1328125,920.8800048828124,920.8699951171876,2488.81005859375,920.8599853515624,25810.119140625,83995.03125,161614.875,18308.9609375,22396.2890625,5070.8798828125,18498.779296875,27533.189453125,0.0,0.0,0.0,0.0,0.0,0.0,0.0,0.0,28085.5,248562.515625,0.0,0.0,0.0,0.0,0.0,6222.259765625,2576.0400390625,68444.1328125,920.8800048828124,920.8699951171876,2488.81005859375,920.8599853515624,25810.119140625,112080.53125,410294.6875,18308.9609375,22396.2890625,5070.8798828125,18498.779296875,27533.189453125,0.0,0.0,0.0,0.0,0.0,0.0,0.0,0.0,0.0,117.3000030517578,0.0,0.0,0.0,0.0,0.0,4.242654176778161e-05,5.062257696408778e-05,5.078328467789106e-05,0.0001189228787552,0.0001623136631678,0.0001865803496912,0.0002065079752355,0.0002158289571525,0.0002314174926141,0.0002315782039659,0.0002476488589309,0.0002478095702826,0.0002548806660342,0.0003045389894396,0.0003056639397982,614.8099975585938,448.0400085449219,22740.23046875,18165.890625,5000.0,29058.369140625,5992.4501953125,20001.529296875,19895.01953125,2730.14990234375,4479.240234375,28270.4296875,81766.078125,49556.69921875,201.1100006103516,0.0,0.0,0.0,0.0,0.0,0.0,0.0,0.0,0.0,0.0,0.0,0.0,0.0,0.0,0.0,614.8099975585938,448.0400085449219,22740.23046875,18165.890625,5000.0,29058.369140625,0.0,20001.529296875,19895.01953125,2730.14990234375,4479.240234375,28270.4296875,81766.078125,49556.69921875,201.1100006103516,0.0,0.0,0.0,0.0,0.0,0.0,0.0,0.0,0.0,0.0,0.0,0.0,0.0,0.0,0.0,OE_BTC,62225.2,2021-04-17 09:14:00.450860+00:00,-6.548364897396297e-05,62221.692016912326,-0.0002923928625362,0,0
15,515,515,2021-04-17 09:15:00.450860+00:00,62218.535,0.01,125646.1840376256,38623.2055635591,-8.036190735083437e-08,-1.2938266991113777e-05,-1.3098990166326985e-05,-1.3259714251034891e-05,-2.595689511508681e-05,-2.611761919979472e-05,-3.640394425019623e-05,-3.897552232956514e-05,-4.8297504690708586e-05,-5.504790533450432e-05,-7.610272587044165e-05,-0.0001231947971973,-0.000123355523101,-0.0001289808569708,-0.0001313917164225,291298.71875,25809.779296875,116604.109375,920.8200073242188,108914.109375,920.8099975585938,4718.60009765625,920.7999877929688,19994.05078125,709.1900024414062,16811.26953125,28615.48046875,19994.650390625,9251.1904296875,23652.380859375,1294863.125,0.0,0.0,0.0,0.0,0.0,0.0,0.0,0.0,157252.859375,22477.849609375,0.0,0.0,0.0,0.0,1591026.25,25809.779296875,116604.109375,920.8200073242188,108914.109375,920.8099975585938,4718.60009765625,920.7999877929688,19994.05078125,159457.5625,39289.109375,28615.48046875,19994.650390625,9251.1904296875,23652.380859375,4864.2998046875,0.0,0.0,0.0,0.0,0.0,0.0,0.0,0.0,1495.52001953125,0.0,0.0,0.0,0.0,0.0,8.036190735083437e-08,2.410857291579305e-07,0.0001493927848059,0.0002466306905262,0.0002639888552948,0.0002641495957504,0.0002662389888428,0.0002805434050969,0.0002980623103212,0.0002983837621286,0.0003093129780609,0.000335832388373,0.00033743964741,0.0003538334567565,0.0003546371008269,10012.5,883.5,22888.640625,8516.240234375,19893.5390625,265.41000366210943,5000.0,20000.619140625,17949.419921875,7375.2099609375,22295.560546875,3111.969970703125,265.42999267578125,24958.4609375,4479.31982421875,1867565.875,0.0,896.0800170898438,0.0,0.0,0.0,0.0,0.0,0.0,0.0,0.0,0.0,0.0,0.0,0.0,1883465.875,883.5,23784.720703125,8516.240234375,19893.5390625,265.41000366210943,5000.0,20000.619140625,17949.419921875,7375.2099609375,22295.560546875,3111.969970703125,265.42999267578125,24958.4609375,4479.31982421875,5887.4501953125,0.0,0.0,0.0,0.0,0.0,0.0,0.0,0.0,0.0,0.0,0.0,0.0,0.0,0.0,OE_BTC,62218.535,2021-04-17 09:15:00.450860+00:00,-0.0001071109454046,62181.92324669907,-0.0003366341242076,0,0
16,516,516,2021-04-17 09:16:00.450860+00:00,62123.075,0.01,408833.7202926504,516287.8197889436,-8.048539257288213e-08,-0.0001002043136395,-0.0001169452734757,-0.0001256376999663,-0.0001417347812093,-0.0001692607766017,-0.0001703875750536,-0.0001821384357754,-0.0001822994090616,-0.0001948551362147,-0.0002119180280715,-0.0002188397775171,-0.0002297857863595,-0.0002357417106395,-0.0002389611327089,2054.889892578125,6584.490234375,5405.64013671875,6.210000038146973,14277.66015625,19993.73046875,1226.0999755859375,22358.720703125,81540.3125,670.7999877929688,2484.39990234375,149.0,310.5400085449219,850.8900146484375,19992.9609375,183681.59375,0.0,78074.4375,0.0,0.0,0.0,0.0,0.0,0.0,0.0,0.0,0.0,38644.1015625,1371.0799560546875,0.0,185736.46875,6584.490234375,94229.828125,6.210000038146973,14277.66015625,19993.73046875,1226.0999755859375,22358.720703125,81540.3125,670.7999877929688,2484.39990234375,149.0,38954.640625,2221.969970703125,19992.9609375,0.0,0.0,10749.759765625,0.0,0.0,0.0,0.0,0.0,0.0,0.0,0.0,0.0,0.0,0.0,0.0,8.048539257288213e-08,2.414561777186464e-07,6.913694960530847e-05,8.185364276869223e-05,8.201461605494842e-05,8.652179531054571e-05,9.74678114289418e-05,0.000146885839058,0.0001728021306917,0.0001729631039779,0.0001731240772642,0.0001803677587304,0.0001971087185665,0.0002539314155001,0.000268740725005,229530.40625,726.8400268554688,22987.130859375,3909.2900390625,166710.453125,20000.509765625,7335.77001953125,5000.0,17877.91015625,83880.65625,116019.1796875,20002.279296875,4513.8798828125,19862.810546875,22260.44921875,789276.1875,0.0,0.0,0.0,0.0,0.0,0.0,0.0,0.0,0.0,365674.5625,0.0,0.0,0.0,0.0,1020342.75,726.8400268554688,22987.130859375,3909.2900390625,166710.453125,20000.509765625,7335.77001953125,5000.0,17877.91015625,83880.65625,481693.75,20002.279296875,4513.8798828125,19862.810546875,22260.44921875,1536.18994140625,0.0,0.0,0.0,0.0,0.0,0.0,0.0,0.0,0.0,0.0,0.0,0.0,0.0,0.0,OE_BTC,62123.075,2021-04-17 09:16:00.450860+00:00,-0.0015342694905948,62140.12177237065,-0.0003805404838173,0,0
17,517,517,2021-04-17 09:17:00.450860+00:00,62063.345,0.01,38249.1019225688,254713.9793076808,-8.056284883650734e-08,-1.6515385141246952e-05,-1.667650940362364e-05,-1.6837635484989733e-05,-2.988881715282332e-05,-4.084536703885533e-05,-4.293999882065691e-05,-5.05129064549692e-05,-7.758202264085412e-05,-7.774314872222021e-05,-8.692731353221461e-05,-9.28889639908448e-05,-0.0001745796907925,-0.0001747408241499,-0.0001850528642535,151950.75,4469.25,271655.40625,918.52001953125,918.510009765625,180321.90625,918.5,8949.3701171875,91573.796875,5627.5400390625,310.2900085449219,5000.0,22337.390625,7.559999942779541,16059.01953125,0.0,22561.73046875,122380.9375,0.0,0.0,457264.78125,0.0,0.0,0.0,0.0,2000.0,0.0,0.0,3602.6201171875,500.0,151950.75,27030.970703125,394036.34375,918.52001953125,918.510009765625,638410.625,918.5,8949.3701171875,91573.796875,5627.5400390625,2310.2900390625,5000.0,22337.390625,3610.18994140625,16559.01953125,0.0,0.0,0.0,0.0,0.0,823.9500122070312,0.0,0.0,0.0,0.0,0.0,0.0,0.0,0.0,0.0,8.056284883650734e-08,2.416885536149493e-07,2.086577842419501e-05,0.0001003007491817,0.0001484773383708,0.0001679735432844,0.0001906922698253,0.0002161501324735,0.0002166335034416,0.0002345184620935,0.0002448305021971,0.0002901068364735,0.0003220097278244,0.0003381222777534,0.0003392501675989,639.25,20638.900390625,7993.10009765625,20001.650390625,3103.6298828125,19999.51953125,27052.359375,4479.5,17010.900390625,22238.2890625,3103.929931640625,13377.099609375,1043.4599609375,30011.400390625,49063.69140625,0.0,0.0,23621.80078125,0.0,0.0,0.0,0.0,19842.970703125,0.0,0.0,0.0,0.0,0.0,0.0,0.0,639.25,20638.900390625,31614.900390625,20001.650390625,3103.6298828125,19999.51953125,27052.359375,24322.470703125,17010.900390625,22238.2890625,3103.929931640625,13377.099609375,1043.4599609375,30011.400390625,49063.69140625,0.0,0.0,0.0,0.0,0.0,0.0,0.0,0.0,0.0,0.0,0.0,0.0,0.0,0.0,0.0,OE_BTC,62063.345,2021-04-17 09:17:00.450860+00:00,-0.0009614784844439,62105.02743807464,-0.000420632646636,0,0
18,518,518,2021-04-17 09:18:00.450860+00:00,62092.705,0.01,123821.14309121316,242416.4256089426,-8.052475664044324e-08,-5.548155604628847e-05,-5.56426057300996e-05,-0.000148246079334,-0.0001484071253798,-0.0001823885686462,-0.0002575987018644,-0.0002577597624622,-0.0002587260387372,-0.0002716100134421,-0.0002968947810586,-0.0003340972180012,-0.000334258278599,-0.0004128504369873,-0.0004366857465356,21401.240234375,145.8800048828125,202.1600036621093,139.92999267578122,456.4400024414063,2483.260009765625,26473.009765625,22237.859375,918.72998046875,918.719970703125,918.7000122070312,22344.390625,46051.5,19990.939453125,6206.56005859375,72464.296875,6208.93017578125,0.0,0.0,376147.65625,0.0,0.0,0.0,0.0,0.0,0.0,0.0,0.0,0.0,0.0,93865.53125,6354.81005859375,202.1600036621093,139.92999267578122,376604.125,2483.260009765625,26473.009765625,22237.859375,918.72998046875,918.719970703125,918.7000122070312,22344.390625,46051.5,19990.939453125,6206.56005859375,0.0,0.0,0.0,0.0,0.0,0.0,0.0,0.0,0.0,0.0,0.0,0.0,0.0,0.0,0.0,8.052475664044324e-08,2.415742699213297e-07,1.5380228433059532e-05,1.6185476852115244e-05,3.212937735952437e-05,3.824925806839019e-05,3.905450648744591e-05,5.14553212269675e-05,6.433927774196489e-05,6.627187394769862e-05,8.253787382273003e-05,9.880387369776145e-05,0.0001131372846429,0.0001170024697785,0.0001176466685137,147084.25,546.4199829101561,24899.560546875,62093.7109375,22244.310546875,4905.509765625,5000.0,919.02001953125,919.030029296875,124934.90625,120514.3984375,122727.671875,6686.93017578125,20001.5390625,121.0999984741211,281853.21875,0.0,0.0,29396.599609375,0.0,0.0,0.0,0.0,0.0,0.0,0.0,0.0,0.0,0.0,0.0,429475.4375,546.4199829101561,24899.560546875,91490.3125,22244.310546875,4905.509765625,5000.0,919.02001953125,919.030029296875,124934.90625,120514.3984375,122727.671875,6686.93017578125,20001.5390625,0.0,537.97998046875,0.0,0.0,0.0,0.0,0.0,0.0,0.0,0.0,0.0,0.0,0.0,0.0,0.0,0.0,OE_BTC,62092.705,2021-04-17 09:18:00.450860+00:00,0.0004730650595774,62080.50988096046,-0.0004552420688353,0,0
19,519,519,2021-04-17 09:19:00.450860+00:00,62100.00500000001,0.01,102828.82510880998,26905.756010422403,-8.051529221120289e-08,-1.3285022760101128e-05,-2.08534602279542e-05,-2.616747042338829e-05,-3.5990335163660354e-05,-3.6151366657577455e-05,-3.9210946852108464e-05,-4.210949919070117e-05,-6.529789970954879e-05,-7.769725925754756e-05,-7.801931496942416e-05,-8.429950685240328e-05,-9.782607958186418e-05,-0.0001013687506201,-0.0001015297821139,52340.6015625,919.0700073242188,5000.0,919.0599975585938,26481.990234375,19993.490234375,919.0399780273438,2483.89990234375,2483.840087890625,15138.7998046875,86933.21875,83206.9921875,22244.029296875,17393.69921875,80909.40625,764695.6875,236759.046875,0.0,0.0,0.0,0.0,0.0,0.0,0.0,0.0,0.0,364058.78125,0.0,0.0,3203349.75,817466.125,237678.109375,5000.0,919.0599975585938,26481.990234375,19993.490234375,919.0399780273438,2483.89990234375,2483.840087890625,15138.7998046875,86933.21875,447290.125,22244.029296875,17393.69921875,3288721.25,429.8200073242188,0.0,0.0,0.0,0.0,0.0,0.0,0.0,0.0,0.0,0.0,24.34000015258789,0.0,0.0,4462.169921875,8.051529221120289e-08,2.415458766336087e-07,0.000120370357763,0.0001338969304924,0.0001859098119894,0.0002100643905578,0.0002102254220517,0.0002280998160131,0.0002401771198492,0.0002805957919918,0.0002855877391993,0.0002875201171264,0.0003115136642009,0.0003641706716734,0.0003643317031674,605.280029296875,503.010009765625,6173.7900390625,154.94000244140625,2791.10009765625,16848.8203125,118.63999938964844,7327.0498046875,22251.55078125,3774.260009765625,264.92999267578125,19999.9609375,264.94000244140625,17079.5,20002.2109375,25908.119140625,0.0,0.0,2012.31005859375,0.0,0.0,0.0,0.0,0.0,0.0,0.0,0.0,6211.93994140625,0.0,0.0,26411.130859375,503.010009765625,6173.7900390625,2012.31005859375,2791.10009765625,16848.8203125,0.0,7327.0498046875,22251.55078125,3774.260009765625,0.0,19999.9609375,0.0,17079.5,20002.2109375,18.82999992370605,0.0,0.0,0.0,0.0,0.0,0.0,0.0,0.0,0.0,0.0,0.0,0.0,0.0,0.0,OE_BTC,62100.00500000001,2021-04-17 09:19:00.450860+00:00,0.0001175661456529,62064.0750567248,-0.000483958617466,0,0
20,520,520,2021-04-17 09:20:00.450860+00:00,62051.855,3.05,206880.3436722568,207434.7627430162,-2.457621849316638e-05,-4.149755113758147e-05,-0.0001244926534127,-0.0001246538013219,-0.0001414139842381,-0.0001539841177873,-0.0001778351288521,-0.0002265041111968,-0.0002266652591059,-0.0002679210738278,-0.0002774292661342,-0.0002792019804473,-0.0002804912219289,-0.0003552673733793,-0.0003717052459251,9123.6298828125,330.2099914550781,3102.2099609375,5000.0,4680.43017578125,2570.409912109375,22225.0,6203.77978515625,22332.08984375,14322.2998046875,19995.30078125,2481.3798828125,7520.47998046875,17909.470703125,1813.6300048828125,0.0,1517.6400146484375,0.0,0.0,0.0,2384680.25,0.0,0.0,0.0,0.0,0.0,0.0,0.0,0.0,0.0,9123.6298828125,1868.3199462890625,3102.2099609375,5000.0,4680.43017578125,2388633.0,22225.0,6203.77978515625,22332.08984375,14322.2998046875,19995.30078125,2481.3798828125,7520.47998046875,17909.470703125,1813.6300048828125,0.0,20.46999931335449,0.0,0.0,0.0,1382.219970703125,0.0,0.0,0.0,0.0,0.0,0.0,0.0,0.0,0.0,2.457621849316638e-05,2.8766264222213067e-05,3.070012826356105e-05,3.762981941690669e-05,4.8910704208537936e-05,8.130296919262037e-05,8.839381189318374e-05,9.419541311217472e-05,0.0001037035908666,0.0001070878570317,0.000166231940966,0.0001663930888753,0.0001974961051018,0.0001978184154722,0.000217479391722,22959.75,114851.15625,92807.5703125,32783.23046875,20001.830078125,918.4400024414062,18594.060546875,918.4500122070312,84666.1328125,918.469970703125,22340.869140625,5717.9599609375,18555.919921875,20006.7890625,6481.85009765625,0.0,0.0,0.0,0.0,0.0,0.0,0.0,0.0,0.0,0.0,0.0,0.0,0.0,0.0,0.0,22959.75,114851.15625,92807.5703125,32783.23046875,20001.830078125,918.4400024414062,18594.060546875,918.4500122070312,84666.1328125,918.469970703125,22340.869140625,5717.9599609375,18555.919921875,20006.7890625,6481.85009765625,0.0,0.0,0.0,0.0,0.0,0.0,0.0,0.0,0.0,0.0,0.0,0.0,0.0,0.0,0.0,OE_BTC,62051.855,2021-04-17 09:20:00.450860+00:00,-0.0007753622564121,62049.3463518889,-0.0005065833875681,0,0
21,521,521,2021-04-17 09:21:00.450860+00:00,61977.105,15.53,303565.15963700163,134942.4955650461,-0.0001252882066182,-0.0001293219538638,-0.0001451342395739,-0.0001890214189188,-0.0002948669425677,-0.0003169718838762,-0.0003256847849115,-0.0003445627226028,-0.0003718308580573,-0.0003881271986756,-0.0004373389238025,-0.0004434702277649,-0.0004473426088225,-0.0004536352644208,-0.0004825168871319,5199.4599609375,2805.2900390625,32120.890625,353.20001220703125,61.959999084472656,8.640000343322754,3097.85009765625,234.58999633789065,3097.699951171875,2478.1201171875,3211.8798828125,22192.330078125,896.25,8407.330078125,3097.360107421875,0.0,0.0,0.0,500.0,0.0,6997.66015625,0.0,0.0,0.0,0.0,88464.6015625,0.0,3097.469970703125,1252.0699462890625,0.0,5199.4599609375,3676.260009765625,32120.890625,853.2000122070312,61.959999084472656,7006.2998046875,3097.85009765625,234.58999633789065,3097.699951171875,2478.1201171875,91676.4765625,22192.330078125,3993.719970703125,9659.400390625,3097.360107421875,0.0,870.969970703125,0.0,0.0,0.0,0.0,0.0,0.0,0.0,0.0,0.0,0.0,0.0,0.0,0.0,0.0001252882066182,0.0001254495582543,0.0001525563420727,0.0001751453237375,0.0001753066753735,0.0001882146607385,0.0001977343054022,0.0001978956570383,0.0001980570086743,0.0001982183603104,0.0002017680526478,0.0002093515067826,0.0002096741955028,0.0002111263456754,0.0002241956972284,5200.759765625,68183.3671875,25222.330078125,3099.39990234375,138324.59375,612.4500122070312,26435.75,173.57000732421875,401495.84375,378.1400146484375,92984.421875,22314.919921875,133272.359375,917.4500122070312,917.469970703125,0.0,0.0,0.0,0.0,0.0,0.0,0.0,0.0,650281.8125,0.0,0.0,0.0,0.0,0.0,0.0,5200.759765625,68183.3671875,25222.330078125,3099.39990234375,138324.59375,612.4500122070312,26435.75,173.57000732421875,1051805.0,378.1400146484375,92984.421875,22314.919921875,133272.359375,917.4500122070312,917.469970703125,0.0,0.0,0.0,0.0,0.0,0.0,0.0,0.0,27.3799991607666,0.0,0.0,0.0,0.0,0.0,0.0,OE_BTC,61977.105,2021-04-17 09:21:00.450860+00:00,-0.0012046376373437,62029.82675846745,-0.0005222245595648,0,0
22,522,522,2021-04-17 09:22:00.450860+00:00,62033.135,0.01,128468.8663191252,22138.8964036542,-8.0602085006376e-08,-2.925855733337812e-05,-2.941976163128857e-05,-4.5217770093586296e-05,-5.521242928807624e-05,-7.826462388038635e-05,-0.0001005107988021,-0.0001438747276552,-0.0001440359192201,-0.0001495168689871,-0.0001630580227356,-0.0001632192143006,-0.0002417256473563,-0.0002418868534732,-0.0002441437100059,139199.1875,19746.099609375,99884.0234375,115677.640625,121764.71875,5537.68017578125,19997.380859375,22327.19921875,917.9600219726562,13916.5,917.9400024414062,17108.630859375,83104.3125,83104.2890625,19997.029296875,1110774.125,0.0,0.0,0.0,0.0,0.0,0.0,0.0,0.0,0.0,0.0,0.0,27124.23046875,184123.140625,0.0,1250078.5,19746.099609375,99884.0234375,115677.640625,121764.71875,5537.68017578125,19997.380859375,22327.19921875,917.9600219726562,13916.5,917.9400024414062,17108.630859375,110228.53125,267302.5,19997.029296875,105.23999786376952,0.0,0.0,0.0,0.0,0.0,0.0,0.0,0.0,0.0,0.0,0.0,0.0,75.08000183105469,0.0,8.0602085006376e-08,2.418062479137007e-07,9.406263416167349e-05,0.0001018004331854,0.0001200165061163,0.0001321068120887,0.0001933643943629,0.0002015858190134,0.00021512695821,0.0002214139240095,0.0002231871767435,0.0002291517303092,0.0002293129364261,0.000242209265707,0.0002480126277077,545.3300170898439,527.280029296875,179.6199951171875,2280.8798828125,27390.919921875,20002.029296875,12939.169921875,25060.23046875,1607.02001953125,20004.109375,918.2999877929688,22335.529296875,918.2999877929688,918.3099975585938,3102.429931640625,498500.125,0.0,918.1799926757812,0.0,2421.340087890625,0.0,0.0,0.0,0.0,0.0,0.0,0.0,0.0,0.0,0.0,507769.9375,527.280029296875,1097.800048828125,0.0,29812.25,20002.029296875,12939.169921875,25060.23046875,1607.02001953125,20004.109375,918.2999877929688,22335.529296875,918.2999877929688,918.3099975585938,3102.429931640625,8724.48046875,0.0,0.0,0.0,0.0,0.0,0.0,0.0,0.0,0.0,0.0,0.0,0.0,0.0,0.0,OE_BTC,62033.135,2021-04-17 09:22:00.450860+00:00,0.0009040435173601,62001.33790331762,-0.0005289783669876,0,0
23,523,523,2021-04-17 09:23:00.450860+00:00,61988.915,0.01,9907.6705375729,8768.1515027317,-8.065958212455372e-08,-7.97723259893246e-05,-8.622509631095454e-05,-0.0001092937309294,-0.0001589800376677,-0.0001709176576696,-0.0001865656086009,-0.0001867269311333,-0.0002625469351187,-0.0002627082576509,-0.0002628695801831,-0.0002656120050232,-0.0002878740488085,-0.0002928749308921,-0.0003077163128182,1014.2100219726562,612.4000244140625,6040.39013671875,7401.89990234375,6053.25,22202.609375,6197.740234375,5000.0,20094.58984375,16939.330078125,22308.630859375,619.719970703125,8134.64013671875,19995.169921875,13808.009765625,0.0,0.0,917.3599853515624,0.0,0.0,0.0,0.0,0.0,0.0,0.0,0.0,0.0,0.0,0.0,0.0,0.0,612.4000244140625,917.3599853515624,7401.89990234375,6053.25,22202.609375,6197.740234375,5000.0,20094.58984375,16939.330078125,22308.630859375,0.0,8134.64013671875,19995.169921875,0.0,0.0,0.0,0.0,0.0,0.0,0.0,0.0,0.0,0.0,0.0,0.0,0.0,0.0,0.0,0.0,8.065958212455372e-08,2.419787392682337e-07,4.032979177281961e-07,1.3147511708666569e-05,2.621436397021171e-05,3.911989915650338e-05,7.380351598840207e-05,9.219390631187709e-05,9.235522156814112e-05,0.0001107456046156,0.0001226832246175,0.0001786609791452,0.0001788222871255,0.0001789836096577,0.0001791449321899,1410.8699951171875,502.1099853515625,3719.340087890625,917.4500122070312,917.4600219726562,917.469970703125,886.510009765625,6336.27978515625,18575.26953125,20003.240234375,83.62999725341797,22318.48046875,83080.0,115878.0234375,20000.69921875,3719.340087890625,0.0,0.0,0.0,0.0,0.0,0.0,0.0,0.0,0.0,0.0,0.0,3720.0,1018529.9375,502.2000122070313,5130.2001953125,502.1099853515625,3719.340087890625,917.4500122070312,917.4600219726562,917.469970703125,886.510009765625,6336.27978515625,18575.26953125,20003.240234375,83.62999725341797,22318.48046875,86800.0,1140590.375,20502.900390625,0.0,0.0,0.0,0.0,0.0,0.0,0.0,0.0,0.0,0.0,0.0,0.0,0.0,6182.39990234375,0.0,OE_BTC,61988.915,2021-04-17 09:23:00.450860+00:00,-0.0007128448368762,61963.06476003145,-0.0005242906040922,0,0
24,524,524,2021-04-17 09:24:00.450860+00:00,61871.125,0.01,515473.0551595849,602667.974183429,-8.081314462060618e-08,-0.0001615454675629,-0.0001702732843114,-0.0001704349124338,-0.0002365400723647,-0.0002367016859352,-0.0002929476322606,-0.0002931092749349,-0.0004025302478112,-0.0004131975874769,-0.0004398659220896,-0.0004515030304901,-0.0004692819202318,-0.0004733225796371,-0.0004760702140629,179.14999389648438,5000.0,26380.83984375,154651.453125,5637.89013671875,101197.203125,82883.0234375,88046.15625,3092.31005859375,19990.48046875,23748.060546875,16819.119140625,12849.75,82868.0703125,7894.35009765625,559325.0,0.0,0.0,179.1199951171875,154641.234375,29590.109375,28366.23046875,339831.625,0.0,0.0,0.0,0.0,0.0,170184.125,0.0,559504.125,5000.0,26380.83984375,154830.5625,160279.125,130787.3125,111249.25,427877.78125,3092.31005859375,19990.48046875,23748.060546875,16819.119140625,12849.75,253052.203125,7894.35009765625,0.0,0.0,0.0,0.0,0.0,0.0,0.0,0.0,0.0,0.0,0.0,0.0,0.0,0.0,0.0,8.081314462060618e-08,2.424394267563912e-07,0.0002303982619196,0.0002871291071642,0.0003032917156815,0.0003034533583559,0.0003721445100381,0.0003921861643902,0.0004051162686664,0.0004207940364722,0.0004237033135723,0.0004304916074033,0.0004534425388555,0.0004762318567372,0.0005069408216513,63337.48046875,27947.189453125,22277.23046875,22898.890625,93634.6484375,20005.849609375,20005.109375,916.0499877929688,916.0599975585938,3295.260009765625,916.0800170898438,3094.889892578125,20005.6796875,3095.030029296875,179.22999572753906,26945.310546875,476.4100036621094,0.0,0.0,0.0,0.0,0.0,0.0,0.0,0.0,0.0,0.0,0.0,0.0,0.0,96714.6328125,28423.599609375,22277.23046875,22898.890625,93634.6484375,20005.849609375,20005.109375,916.0499877929688,916.0599975585938,3295.260009765625,916.0800170898438,3094.889892578125,20005.6796875,3095.030029296875,179.22999572753906,6431.83984375,0.0,0.0,0.0,0.0,0.0,0.0,0.0,0.0,0.0,0.0,0.0,0.0,0.0,0.0,OE_BTC,61871.125,2021-04-17 09:24:00.450860+00:00,-0.0019001784431942,61917.9348039825,-0.0005058408146588,0,0
25,525,525,2021-04-17 09:25:00.450860+00:00,61895.25500000001,0.01,119108.2545091127,57605.5794668195,-8.078163915570259e-08,-0.0001537274511065,-0.0001928257697727,-0.0002094667870551,-0.0002482419658917,-0.0002757077163551,-0.0002805546100717,-0.0003067278885282,-0.0003458261780906,-0.0003459877625573,-0.0003461493179202,-0.0003569740511011,-0.000371353176888,-0.0003962339251302,-0.0003970417310483,1796.199951171875,274.6300048828125,22896.830078125,7120.43994140625,19992.5703125,22325.650390625,5000.0,19992.099609375,26386.490234375,17316.23046875,15817.849609375,8227.7998046875,15468.0703125,28274.919921875,3093.530029296875,611.530029296875,4950.85986328125,0.0,0.0,0.0,0.0,0.0,0.0,0.0,0.0,0.0,0.0,3217.080078125,0.0,0.0,2407.719970703125,5225.490234375,22896.830078125,7120.43994140625,19992.5703125,22325.650390625,5000.0,19992.099609375,26386.490234375,17316.23046875,15817.849609375,8227.7998046875,18685.140625,28274.919921875,3093.530029296875,0.0,0.0,0.0,0.0,0.0,0.0,0.0,0.0,0.0,0.0,0.0,0.0,0.0,0.0,0.0,8.078163915570259e-08,2.423448961508257e-07,2.366901935602073e-05,4.370286478661001e-05,6.309046148089692e-05,9.0071524027735e-05,0.0001168910312117,0.0001186682275147,0.0001194760407088,0.0001285235775867,0.0001324010954704,0.0001416102022631,0.0001454877346986,0.0001513040042482,0.0001543737016618,49107.58984375,637.52001953125,12255.3095703125,7537.56005859375,5809.93994140625,14701.4501953125,131.44999694824222,24946.75,916.1599731445312,612.8400268554688,916.1699829101562,7862.240234375,22176.080078125,916.1900024414062,7791.64013671875,130004.5703125,0.0,637.5399780273438,0.0,0.0,0.0,0.0,0.0,0.0,22904.189453125,0.0,0.0,0.0,0.0,0.0,179112.15625,637.52001953125,12892.83984375,7537.56005859375,5809.93994140625,14701.4501953125,131.44999694824222,24946.75,916.1599731445312,23517.029296875,916.1699829101562,7862.240234375,22176.080078125,916.1900024414062,7791.64013671875,0.0,0.0,0.0,0.0,0.0,0.0,0.0,0.0,0.0,0.0,0.0,0.0,0.0,0.0,0.0,OE_BTC,61895.25500000001,2021-04-17 09:25:00.450860+00:00,0.0003900042224869,61872.09132646825,-0.0004726028607403,0,0
26,526,526,2021-04-17 09:26:00.450860+00:00,61841.105,0.01,52395.6087929732,127158.88081364494,-8.08523736850475e-08,-0.0001428661344107,-0.0001465853565605,-0.0001483640953665,-0.0001561259268783,-0.0001579046802362,-0.0001682537840679,-0.0001795731222955,-0.0001803816412575,-0.0001905690442072,-0.0002385953557677,-0.0002533104852773,-0.0002576764964032,-0.0002654383424669,-0.0002678639139048,6527.39013671875,61.9000015258789,69.0,299.1300048828125,61.9000015258789,61.83000183105469,309.1499938964844,618.2999877929688,312.07000732421875,618.2899780273438,61.88999938964844,309.1300048828125,68.29000091552734,35.86999893188477,116.86000061035156,3931.8798828125,0.0,3091.60009765625,0.0,0.0,0.0,67145.65625,0.0,7114.41015625,0.0,0.0,0.0,26365.740234375,131827.65625,26365.470703125,11512.3798828125,0.0,3091.60009765625,0.0,0.0,0.0,67145.65625,0.0,7114.41015625,0.0,0.0,0.0,26365.740234375,131827.65625,26365.470703125,1053.1199951171875,0.0,0.0,0.0,0.0,0.0,0.0,0.0,0.0,0.0,0.0,0.0,0.0,0.0,0.0,8.08523736850475e-08,2.425571210551425e-07,4.28517569162068e-06,4.446880211617099e-06,4.6085851863608696e-06,4.770289706357289e-06,1.7544964066473767e-05,1.7706668586470187e-05,1.9808830984402448e-05,3.0643048376077786e-05,4.3579428165685385e-05,5.5868989875307313e-05,6.96138886269182e-05,9.128233068622647e-05,0.0001056740511558,207344.0625,568.9400024414062,26372.640625,82249.0390625,154850.90625,20002.490234375,100166.890625,921.4500122070312,5000.0,921.4600219726562,921.469970703125,8701.8896484375,646.77001953125,19999.9609375,22155.80078125,328456.5625,0.0,3127.080078125,3127.080078125,596653.0625,0.0,3196.7900390625,0.0,0.0,0.0,0.0,0.0,0.0,0.0,0.0,535897.0625,568.9400024414062,29499.720703125,85376.109375,751668.625,20002.490234375,103363.6796875,921.4500122070312,5000.0,921.4600219726562,921.469970703125,8701.8896484375,646.77001953125,19999.9609375,22155.80078125,96.4800033569336,0.0,0.0,0.0,164.66000366210938,0.0,0.0,0.0,0.0,0.0,0.0,0.0,0.0,0.0,0.0,OE_BTC,61841.105,2021-04-17 09:26:00.450860+00:00,-0.00087486512496,61833.14386387371,-0.000425609166336,0,0
27,527,527,2021-04-17 09:27:00.450860+00:00,61791.995,0.01,637901.5964265193,346810.7258044297,-8.091662806464228e-08,-4.183389683021233e-05,-4.199573231744579e-05,-5.364772732718848e-05,-5.478055754792877e-05,-5.510422488441691e-05,-0.0001154680285253,-0.0001504240208305,-0.0001505858526797,-0.000172433341504,-0.0002588522911537,-0.0002596614649519,-0.000283450965071,-0.0002837746287696,-0.0003075640997849,109566.3671875,105312.3125,2760.14990234375,7000.7998046875,137403.6875,117004.09375,5000.0,22240.26953125,15272.6796875,14502.849609375,4942.080078125,19994.109375,26344.119140625,82160.03125,2877.6201171875,278273.34375,0.0,0.0,0.0,0.0,0.0,0.0,0.0,67960.9609375,0.0,0.0,0.0,0.0,0.0,0.0,387839.71875,105312.3125,2760.14990234375,7000.7998046875,137403.6875,117004.09375,5000.0,22240.26953125,83233.640625,14502.849609375,4942.080078125,19994.109375,26344.119140625,82160.03125,2877.6201171875,0.0,0.0,0.0,0.0,0.0,0.0,0.0,0.0,0.0,0.0,0.0,0.0,0.0,0.0,0.0,8.091662806464228e-08,2.427498770884995e-07,0.0001292238594032,0.0001295475231017,0.0001923388335853,0.0002080366539303,0.0002238963206764,0.0002457438095007,0.0002494659565854,0.0002497896493878,0.0002849074662663,0.0003086969372816,0.0003166267706546,0.0003439766005612,0.0003496407589409,60354.921875,475.7999877929688,2472.0,21737.330078125,9124.4697265625,17380.349609375,2472.22998046875,178.9600067138672,61453.7890625,85578.5703125,5000.0,20006.0,3090.580078125,178.97999572753906,3090.679931640625,1235.8399658203125,0.0,0.0,0.0,0.0,0.0,0.0,0.0,0.0,0.0,0.0,0.0,0.0,0.0,0.0,81647.3828125,475.7999877929688,2472.0,21737.330078125,9124.4697265625,17380.349609375,2472.22998046875,178.9600067138672,61453.7890625,85578.5703125,5000.0,20006.0,3090.580078125,178.97999572753906,3090.679931640625,20056.619140625,0.0,0.0,0.0,0.0,0.0,0.0,0.0,0.0,0.0,0.0,0.0,0.0,0.0,0.0,OE_BTC,61791.995,2021-04-17 09:27:00.450860+00:00,-0.0007941319935987,61807.58821004719,-0.0003680310429623,0,0
28,528,528,2021-04-17 09:28:00.450860+00:00,61832.605,0.53,143400.9319897492,43578.52261636171,-4.2857645894400775e-06,-1.6253561625489965e-05,-0.0001158773739007,-0.000125095815747,-0.000147899321746,-0.00014806103718,-0.0001535597548354,-0.0001618078385945,-0.0001956087799044,-0.0002252048143418,-0.0002311887074029,-0.0002729142725002,-0.0002742080832831,-0.0002953943039756,-0.0002955560339614,52.1500015258789,618.3200073242188,610.8400268554688,22875.19921875,6182.35009765625,2675.22998046875,7177.5498046875,103861.96875,19994.66015625,2472.75,15483.6103515625,5000.0,9100.51953125,22251.66015625,24218.849609375,0.0,0.0,0.0,0.0,26365.009765625,580301.125,0.0,0.0,0.0,0.0,2472.72998046875,0.0,0.0,0.0,0.0,52.1500015258789,618.3200073242188,610.8400268554688,22875.19921875,32547.349609375,584101.0625,7177.5498046875,103861.96875,19994.66015625,2472.75,17956.349609375,5000.0,9100.51953125,22251.66015625,24218.849609375,0.0,0.0,0.0,0.0,0.0,1124.760009765625,0.0,0.0,0.0,0.0,0.0,0.0,0.0,0.0,0.0,4.2857645894400775e-06,4.447491846804041e-06,3.080898750340566e-05,3.6631157854571945e-05,5.474458157550544e-05,8.628133946331218e-05,8.644306944916025e-05,8.66047921590507e-05,8.692824485478923e-05,0.0001094082981579,0.0001136131977546,0.0001186267327284,0.0001189501854241,0.0001265513565158,0.0001404598733643,346.260009765625,346.260009765625,6183.4501953125,997.6400146484376,1081.8399658203125,104562.6484375,22260.150390625,108965.3203125,1846.25,5495.9599609375,921.4099731445312,20001.599609375,5000.0,921.4199829101562,3140.340087890625,226.5800018310547,0.0,0.0,193724.828125,0.0,0.0,0.0,0.0,0.0,0.0,0.0,0.0,0.0,0.0,0.0,799.0,346.260009765625,6183.4501953125,194825.15625,1081.8399658203125,104562.6484375,22260.150390625,108965.3203125,1846.25,5495.9599609375,921.4099731445312,20001.599609375,5000.0,921.4199829101562,3140.340087890625,226.1600036621093,0.0,0.0,102.68000030517578,0.0,0.0,0.0,0.0,0.0,0.0,0.0,0.0,0.0,0.0,0.0,OE_BTC,61832.605,2021-04-17 09:28:00.450860+00:00,0.0006572048693362,61797.996527834206,-0.0003044856963938,0,0
29,529,529,2021-04-17 09:29:00.450860+00:00,61731.455,0.01,110604.41425133304,193173.7374617952,-8.099598858279934e-08,-6.074698831071147e-06,-9.476530067331623e-06,-1.0124497748620342e-05,-2.3569831682834767e-05,-3.393731822143309e-05,-3.442329398239963e-05,-4.43048047600314e-05,-5.1108465413562953e-05,-5.677818626281805e-05,-5.694017818314023e-05,-6.892758392496035e-05,-8.269689715234563e-05,-0.0001063477247953,-0.0001207650129799,30873.529296875,308.6600036621094,5053.8701171875,319.6000061035156,109.45999908447266,387.2300109863281,9.920000076293944,185.19000244140625,61.72999954223633,22220.560546875,308.6400146484375,7.53000020980835,61.790000915527344,277.760009765625,49.75,141351.59375,0.0,0.0,0.0,1754.3199462890625,0.0,0.0,0.0,2469.1298828125,0.0,0.0,8641.8095703125,26323.58984375,0.0,919.6900024414062,172863.515625,0.0,5053.8701171875,0.0,1131.510009765625,387.2300109863281,0.0,0.0,2469.1298828125,22220.560546875,0.0,8641.8095703125,26323.58984375,0.0,919.6900024414062,700.2000122070312,0.0,0.0,0.0,0.0,0.0,0.0,0.0,0.0,0.0,0.0,0.0,0.0,0.0,0.0,8.099598147737198e-08,0.0001713065139483,0.0001965772535186,0.0003378342662472,0.0003786562301684,0.0004076527839059,0.0004078147758264,0.0004293597303329,0.0004301696899347,0.000430331681855,0.0004847609670832,0.0005280128098092,0.0005979933775961,0.0006130586261861,0.0006132206181064,28307.650390625,34100.12109375,22845.130859375,22225.48046875,3087.739990234375,19238.58984375,4409.89013671875,4940.64013671875,58324.05859375,92944.4609375,37279.171875,117709.9296875,3088.419921875,1000.0,613.9199829101562,411216.65625,0.0,0.0,0.0,0.0,0.0,0.0,0.0,0.0,0.0,0.0,0.0,0.0,0.0,0.0,439562.125,34100.12109375,22845.130859375,22225.48046875,3087.739990234375,19238.58984375,4409.89013671875,4940.64013671875,58324.05859375,92944.4609375,37279.171875,117709.9296875,3088.419921875,1000.0,613.9199829101562,37.810001373291016,0.0,0.0,0.0,0.0,0.0,0.0,0.0,0.0,0.0,0.0,0.0,0.0,0.0,0.0,OE_BTC,61731.455,2021-04-17 09:29:00.450860+00:00,-0.0016358683254571,61800.98918315972,-0.0002397971446329,0,0
30,530,530,2021-04-17 09:30:00.450860+00:00,61811.125,0.01,170320.44607853724,52011.06867331719,-8.08915885386341e-08,-1.3185328498366289e-05,-2.628976653795689e-05,-3.923241820302792e-05,-6.641199433943257e-05,-6.657377525698394e-05,-9.35915668378584e-05,-0.0001235214585904,-0.0001264335442101,-0.0001385672949254,-0.0001730271033011,-0.0001731888914946,-0.0001909850398078,-0.0002089429763145,-0.0002492269850336,134646.734375,920.969970703125,920.9600219726562,920.9500122070312,131473.546875,4320.31005859375,17934.390625,138508.875,1514.1800537109375,105064.3515625,22246.650390625,82633.34375,9318.7802734375,19995.119140625,2471.830078125,417588.5,0.0,0.0,0.0,0.0,2533.159912109375,0.0,0.0,344023.21875,0.0,0.0,0.0,0.0,0.0,0.0,570778.0625,920.969970703125,920.9600219726562,920.9500122070312,131473.546875,6853.47021484375,17934.390625,138508.875,345537.40625,105064.3515625,22246.650390625,82633.34375,9318.7802734375,19995.119140625,2471.830078125,18542.7890625,0.0,0.0,0.0,0.0,0.0,0.0,0.0,0.0,0.0,0.0,0.0,0.0,0.0,0.0,8.08915885386341e-08,3.0981478630565114e-05,3.34082251356449e-05,5.120437344885431e-05,9.990110993385316e-05,0.0001299927826039,0.0001515099429525,0.0001701150031294,0.0002070015762001,0.0002230181125923,0.0002231798862339,0.0002241505862912,0.0002451823966111,0.0002510065969545,0.0002587721974123,2040.22998046875,19999.919921875,3901.0,9706.7001953125,20001.970703125,4924.2998046875,3254.31005859375,20005.4609375,5000.0,19259.869140625,4945.990234375,5501.509765625,22252.109375,9088.6904296875,3091.360107421875,885597.5,0.0,939904.5625,8911.2099609375,0.0,0.0,0.0,0.0,0.0,0.0,0.0,0.0,0.0,0.0,0.0,888680.25,19999.919921875,947077.5,18617.900390625,20001.970703125,4924.2998046875,3254.31005859375,20005.4609375,5000.0,19259.869140625,4945.990234375,5501.509765625,22252.109375,9088.6904296875,3091.360107421875,1042.47998046875,0.0,3271.93994140625,0.0,0.0,0.0,0.0,0.0,0.0,0.0,0.0,0.0,0.0,0.0,0.0,OE_BTC,61811.125,2021-04-17 09:30:00.450860+00:00,0.0012905900241619,61807.94034869988,-0.0001776510842542,0,0
31,531,531,2021-04-17 09:31:00.450860+00:00,61884.565,0.01,144218.809028275,30114.04821844169,-8.079559421503289e-08,-7.538228965131566e-05,-7.570546586066484e-05,-0.0001316160196438,-0.0002285707305418,-0.0002287323150085,-0.0002385893749305,-0.0002817342174239,-0.0002904601569753,-0.000290621741442,-0.0002909449103754,-0.0002999940188601,-0.0003066192730329,-0.0003145372320432,-0.0003151835990138,1222.8399658203125,136032.6875,653.969970703125,198.0,6187.0400390625,19997.009765625,9329.41015625,5000.0,26383.400390625,17181.41015625,22270.44921875,55.13000106811523,915.6099853515624,2474.60009765625,2474.60009765625,102795.84375,0.0,78682.640625,0.0,0.0,0.0,0.0,0.0,0.0,0.0,0.0,0.0,0.0,0.0,0.0,104018.6796875,136032.6875,79336.609375,198.0,6187.0400390625,19997.009765625,9329.41015625,5000.0,26383.400390625,17181.41015625,22270.44921875,55.13000106811523,915.6099853515624,2474.60009765625,2474.60009765625,0.0,0.0,0.0,0.0,0.0,0.0,0.0,0.0,0.0,0.0,0.0,0.0,0.0,0.0,0.0,8.079559421503289e-08,6.382851552189095e-06,2.3673108444199897e-05,6.97265932103619e-05,6.98881849530153e-05,8.394661563215777e-05,8.426979911746457e-05,0.0001017216491163,0.0001477751357015,0.0001626415178179,0.0001750840456224,0.0001834867871366,0.0001838099706219,0.0001909199781948,0.0002285707305418,22865.80078125,2287.580078125,20002.060546875,2287.72998046875,17413.859375,3177.840087890625,20004.33984375,179.1999969482422,3760.659912109375,178.4499969482422,5000.0,20006.26953125,747.0499877929688,612.77001953125,3094.93994140625,0.0,0.0,0.0,0.0,0.0,0.0,0.0,0.0,0.0,63532.12890625,0.0,0.0,0.0,24684.279296875,0.0,22897.2890625,2287.580078125,20002.060546875,2287.72998046875,17413.859375,3177.840087890625,20004.33984375,0.0,3760.659912109375,63710.578125,5000.0,20006.26953125,0.0,25297.05078125,3094.93994140625,31.489999771118164,0.0,0.0,0.0,0.0,0.0,0.0,0.0,0.0,0.0,0.0,0.0,0.0,0.0,0.0,OE_BTC,61884.565,2021-04-17 09:31:00.450860+00:00,0.001188135630924,61809.63403031796,-0.0001196894866858,0,0
32,532,532,2021-04-17 09:32:00.450860+00:00,61808.305,0.01,34805.20918032459,64197.8298028057,-8.089527625543269e-08,-2.095187664963305e-05,-0.0001777269208105,-0.0001858164469012,-0.0002476204535923,-0.000260563683696,-0.0002654174168128,-0.0002726979728322,-0.0002749630366452,-0.0002908185124397,-0.0002925982116721,-0.000293568969937,-0.0003040853480342,-0.0003574762376956,-0.0003741406544577,178.97000122070312,4320.31005859375,22865.009765625,6179.68017578125,920.719970703125,920.7000122070312,22243.580078125,920.6900024414062,17993.939453125,5000.0,2471.610107421875,2471.610107421875,2509.18994140625,23929.80078125,90934.953125,67989.1328125,19990.580078125,0.0,0.0,0.0,0.0,0.0,0.0,28422.5,0.0,0.0,0.0,0.0,0.0,0.0,68168.1015625,19990.580078125,22865.009765625,6179.68017578125,920.719970703125,920.7000122070312,22243.580078125,920.6900024414062,46416.4296875,5000.0,2471.610107421875,2471.610107421875,2509.18994140625,23929.80078125,90934.953125,0.0,0.0,0.0,0.0,0.0,0.0,0.0,0.0,0.0,0.0,0.0,0.0,0.0,0.0,0.0,8.089527625543269e-08,5.662669195771741e-07,7.280575005097489e-07,4.602941407938488e-05,6.884188042022288e-05,0.0001283808087464,0.0001285425969399,0.0001489282003603,0.0001620332477614,0.0001621950359549,0.000178859452717,0.0001874343579402,0.0001884051016531,0.0002113793598255,0.0002494001528248,141649.15625,3090.419921875,20000.009765625,4456.5,20000.7109375,19247.189453125,22248.5,20000.9609375,971.0900268554688,5000.0,3457.969970703125,3156.989990234375,8575.1298828125,4545.6201171875,18239.779296875,248219.234375,719.719970703125,3090.419921875,314604.625,0.0,0.0,0.0,26244.390625,0.0,0.0,0.0,0.0,0.0,0.0,0.0,389868.375,5293.5400390625,23090.419921875,319551.25,20000.7109375,19247.189453125,22248.5,46245.3515625,971.0900268554688,5000.0,3457.969970703125,3156.989990234375,8575.1298828125,4545.6201171875,18239.779296875,0.0,1483.4000244140625,0.0,490.1099853515625,0.0,0.0,0.0,0.0,0.0,0.0,0.0,0.0,0.0,0.0,0.0,OE_BTC,61808.305,2021-04-17 09:32:00.450860+00:00,-0.0012322943532042,61802.35968813444,-6.552728657095461e-05,0,0
33,533,533,2021-04-17 09:33:00.450860+00:00,61729.345,0.01,158959.8162847255,109432.92892702052,-8.099875259404143e-08,-2.429962648875517e-07,-0.0002842246321961,-0.0003017203707713,-0.0003018823626916,-0.000302044354612,-0.0003205120738129,-0.0003256959898862,-0.0003284499398432,-0.0003344438446219,-0.0003430297074373,-0.0003576095041353,-0.0003697593056131,-0.0003699212975334,-0.0003708932781592,5049.81005859375,178.74000549316406,22833.369140625,22214.349609375,16888.69921875,19994.130859375,1440.0,431.9599914550781,52.58000183105469,2468.35009765625,17763.669921875,61.77000045776367,4388.06982421875,4936.52001953125,61.77000045776367,23497.640625,0.0,0.0,0.0,0.0,0.0,27732.279296875,0.0,0.0,0.0,0.0,0.0,0.0,0.0,0.0,28547.4609375,178.74000549316406,22833.369140625,22214.349609375,16888.69921875,19994.130859375,27732.279296875,0.0,0.0,2468.35009765625,17763.669921875,0.0,4388.06982421875,4936.52001953125,0.0,0.0,0.0,0.0,0.0,0.0,0.0,0.0,0.0,0.0,0.0,0.0,0.0,0.0,0.0,0.0,8.099875259404143e-08,2.429962648875517e-07,1.320279716310324e-05,2.7782572942669507e-05,4.074237222084776e-05,5.013822737964802e-05,7.443785580107942e-05,8.836964116198942e-05,0.000100681449112,0.0001082953313016,0.0001479847269365,0.0001481467188568,0.0001484707172494,0.0001526826526969,0.0001577045768499,176647.015625,1209.9000244140625,919.780029296875,919.7899780273438,919.7999877929688,74.08000183105469,20002.0703125,1606.0400390625,8648.099609375,5530.25,26328.76953125,19222.98046875,22220.51953125,16229.4501953125,3086.949951171875,815183.1875,0.0,0.0,0.0,0.0,1021920.0625,5483.85009765625,0.0,0.0,0.0,0.0,0.0,0.0,0.0,0.0,992923.1875,1209.9000244140625,919.780029296875,919.7899780273438,919.7999877929688,1023371.5625,25485.91015625,1606.0400390625,8648.099609375,5530.25,26328.76953125,19222.98046875,22220.51953125,16229.4501953125,3086.949951171875,1092.969970703125,0.0,0.0,0.0,0.0,1377.4100341796875,0.0,0.0,0.0,0.0,0.0,0.0,0.0,0.0,0.0,OE_BTC,61729.345,2021-04-17 09:33:00.450860+00:00,-0.0012774982261687,61789.998302960485,-1.3807396757683463e-05,0,0
