,index,Unnamed: 0.1,Unnamed: 0,bid1_price,bid1_size,bid2_price,bid2_size,bid3_price,bid3_size,bid4_price,bid4_size,bid5_price,bid5_size,ask1_price,ask1_size,ask2_price,ask2_size,ask3_price,ask3_size,ask4_price,ask4_size,ask5_price,ask5_size,buy_volume_oe,sell_volume_oe,bid1_size_n,bid2_size_n,bid3_size_n,bid4_size_n,bid5_size_n,ask1_size_n,ask2_size_n,ask3_size_n,ask4_size_n,ask5_size_n,buy_spread_oe,sell_spread_oe,imblance_volume_oe,open,high,close,low,wap,trade_diff,trade_speard,kmid,klen,kmid2,kup,kup2,klow,klow2,ksft,ksft2,roc_10,roc_30,roc_60,ma_10,ma_30,ma_60,std_10,std_30,std_60,beta_10,beta_30,beta_60,max_10,max_30,max_60,min_10,min_30,min_60,qtlu_10,qtlu_30,qtlu_60,qtld_10,qtld_30,qtld_60,rsv_10,rsv_30,rsv_60,imax_10,imax_30,imax_60,imin_10,imin_30,imin_60,imxd_10,imxd_30,imxd_60,cntp_10,cntp_30,cntp_60,cntn_10,cntn_30,cntn_60,cntd_10,cntd_30,cntd_60,BTC,timestamp,pct_return,key_indicator_filtered,pct_return_filtered,label,tic
2521,2521,2521,77521,23204.3,0.01728943,23204.2,0.00747,23203.1,0.00717,23202.6,0.03878088,23202.1,0.09695456,23204.4,0.59734534,23205.5,0.04308188,23205.7,0.07364,23205.9,0.01,23206.0,0.49743129,-0.1101994089161041,-0.0758899284733838,-0.9385730555786456,-0.4878909715474349,-0.5495492895845048,0.3507912958298002,1.8208892403318968,0.2756776899577257,-0.519977634223769,-0.4316028023055697,-0.7360916707698245,1.1165956593198796,0.2383328598862102,-0.5163489625936761,-0.9351421929496402,-0.6526372245625197,-0.6530881219741284,-0.652828950128825,-0.6523572467592885,-0.6526346524713972,-0.0728017882620965,-0.2270785624273541,-0.0734217592197062,-0.2242420962151633,-2.524653055047081,-0.1030992897248551,-0.146724758572024,-0.1126924907001257,-0.1650260102604531,-0.0797463803211759,-2.421546138935782,-3.3762843849659747,-4.020341454392448,-3.748622891767259,-3.914780393926939,-3.601390971041321,-4.24063038310147,3.1445476941200368,2.137072628333099,3.011735571573603,-3.376284384965716,-4.020341454391904,-3.748622891767984,-0.4513844049749549,-0.580018473345127,-0.6376520671424925,-4.587438415256142,-5.472609448123281,-5.051252248164783,-1.5384736761805151,-2.686698366280589,-2.2840096607042715,-4.6073464988582336,-3.705665873334109,-5.614913302930754,1.201174322892382,1.2374041490236394,1.3276496483905704,1.5273290177956096,1.541269850352033,1.536055957241382,-0.901419472450542,-1.105618219424812,-1.188943165534098,1.458810823175998,1.5321967269385206,1.57184715002286,3.4187395191309755,3.904805926753756,3.614281880686668,0.190013385483776,-0.0179928157465063,0.4833912783282209,2.156010958011674,2.978832072392729,2.730773427109318,HFT_small_BTC,2521,-6.894798305612237e-05,23192.20100278597,-1.790999775819202e-06,0,default
2522,2522,2522,77522,23204.3,0.01728943,23204.2,0.00747,23203.1,0.00717,23202.0,0.04,23201.9,0.00717,23204.4,1.76740967,23204.5,0.10854628,23205.6,1.25306966,23205.7,0.635,23205.8,1.0425294,-0.1129585118036457,0.0342613857861853,-0.5457221236260683,-0.2202041662313093,-0.2992767826134631,1.7121941494007034,-0.3921915866026711,-0.1337863997305504,-0.5886293761612478,0.6424166766443888,-0.1021305715173751,0.2267667465038999,0.4687555646863564,-0.7428823503762424,-1.1949152769696916,-0.6528077908903481,-0.6532586876498526,-0.652828950128825,-0.6523572467592885,-0.6527972519174934,-0.009216854801391,-0.2800557017080191,-0.0091532634296708,-0.2775753457794571,-0.0228543762226752,-0.1030992897248551,-0.146724758572024,-0.1126924907001257,-0.1650260102604531,-0.0162379740272818,-0.0319852834140999,-3.271769602597991,-4.020341454392448,-3.743001011204387,-3.284656177769818,-3.359815702449928,-4.130016799690531,3.345880742589812,2.094619567337197,3.105494076973119,-3.271769602596765,-4.020341454391904,-3.743001011205296,-0.4513844049749549,-0.580018473345127,-0.6376520671424925,-4.564261447541901,-4.901007563446648,-5.051252248164783,-0.3054678769985738,-2.3749249333700067,-2.2722132539451683,-4.47218671802279,-3.6065616001696,-5.614913302930754,1.2003947289963062,1.2372990042335756,1.3276496483905704,1.2286286968704456,1.4476665629025165,1.4892584445542023,-0.901419472450542,-1.105618219424812,-0.6272474758033044,1.2800524520468608,1.478050816873916,1.2208913532872308,2.7886191703595657,3.904805926753756,3.438432025137249,0.190013385483776,-0.0179928157465063,0.4833912783282209,1.7343757302298242,2.978832072392729,2.576323841644592,HFT_small_BTC,2522,0.0,23192.06563248285,-5.836889008459245e-06,0,default
2523,2523,2523,77523,23200.7,8.95e-06,23199.8,1.627e-05,23199.7,0.04309,23199.6,0.00717,23198.5,0.0431,23200.8,4.64128153,23201.3,0.05503108,23201.8,0.01,23201.9,3.06169747,23202.0,1.22316425,-0.112513462759235,0.1628343434993998,-1.289109383420298,-0.7260320969620961,1.638739881178816,-0.4158678138171304,1.291082324090336,0.3674049146142451,-0.6777124470574841,-0.7487193955782848,0.9640391832388918,-0.1512486780721121,0.2383328598862102,-0.969415738154688,-1.2096075444967858,-0.6555368521356462,-0.6559877384614852,-0.660845523760353,-0.6612266650102034,-0.6574679953572174,-1.9803497921110216,1.6271213124228998,-2.0016225951078392,1.642562301924453,-2.177181016342273,-0.1030992897248551,-0.146724758572024,0.8858078540320081,1.0612662586744743,-1.6675775097331311,-1.7577792346407135,-2.555614014790789,-3.2616687849444976,-3.479476438113377,-1.4406114352107944,-2.4720847995910606,-3.5588728995586187,3.0716502193960333,2.005433466452499,3.158077335511252,-2.5556140147897306,-3.26166878494424,-3.47947643811406,0.6126167712853257,-0.0349408544470099,-0.2723264448015045,-2.849841929814831,-4.019696442546144,-4.644317243515524,0.8445918865487042,-1.781836955893255,-1.8276134451339927,-2.67566661483745,-2.9322523386456893,-5.155875476589667,0.7156959325640124,0.9668462504726228,1.1372062080117682,0.9299283759452818,1.354063275453,1.4424609318670227,-0.901419472450542,-1.105618219424812,-0.6740554499475374,1.1012940809177238,1.423904906809311,1.2208913532872308,2.158498821588156,3.610693968838855,3.438432025137249,0.7988676822668856,0.2641878923602955,0.6516708914392075,0.8911052746661239,2.532242627981875,2.4218742561798656,HFT_small_BTC,2523,-0.0001551436587183,23191.839308445356,-9.758683900185083e-06,0,default
2524,2524,2524,77524,23198.5,0.01258173,23198.4,0.011462,23198.2,0.0003,23197.3,0.00717,23196.2,0.03219202,23198.6,1.6866028,23199.5,0.645,23199.6,0.44,23199.7,0.3257,23200.7,0.01171999,-0.1134380752421369,-0.0178955063104842,-0.6174498474845355,0.2385041027888094,-0.7484579722369623,-0.2383946604854838,1.4898457076766662,0.4561108258393726,0.4118002594901589,0.0037473931715662,-0.2420534115616777,-0.7696305759575165,0.3535442122862831,0.0499845068647997,-1.185248107065632,-0.6616772399375559,-0.6621281027876474,-0.6634040047065849,-0.6631028881017466,-0.6635215679611445,-0.6450661894176993,0.3026928303889314,-0.6519850371801459,0.3092244181718084,-2.297216811533752,-0.1030992897248551,-0.146724758572024,0.087038565257441,0.6376380203302324,-0.5879442022128882,-1.9870805288500824,-1.928522844086221,-2.943364556942397,-3.389726991726119,-0.637728949325774,-2.074422784878939,-3.309198987607388,2.7733713421654875,1.8946788988942576,3.191861678917585,-1.9285228440852296,-2.9433645569420657,-3.3897269917269885,0.9522823643960824,0.1390665779180247,-0.1557020021226432,-2.5023103372939466,-3.0256418878139923,-4.514409661836452,1.2117303262551118,-1.3418082437833234,-1.6928549531806556,-2.1450904617343163,-2.72616746100898,-4.913978374637761,0.4730478353009521,0.8596357363858727,1.0764263866142874,0.631228055020118,1.2604599880034832,1.3956634191798438,-0.901419472450542,-1.105618219424812,-0.7208634240917702,0.9225357097885868,1.369758996744706,1.2208913532872308,1.528378472816746,3.316582010923954,3.262582169587831,1.4077219790499955,0.5463686004670965,0.8199505045501938,0.0478348191024231,2.0856531835710217,2.112975085250413,HFT_small_BTC,2524,-9.482472511612716e-05,23191.525568633177,-1.3528026302833672e-05,0,default
2525,2525,2525,77525,23195.0,0.00991,23194.9,0.00717,23193.8,0.00717,23192.7,0.00948,23192.6,0.00717,23195.1,0.02354623,23196.2,0.0134167,23197.1,0.01482634,23197.2,0.01036595,23197.3,0.00717,-0.1141485488837465,-0.1112905984902361,-0.4650153153939345,0.2137377914179335,0.143234665235106,0.3531969723323189,-0.0079570609608643,-0.2284900509200117,0.3364319204731656,0.3914341671532062,-0.013039928055556,-0.3037275464784592,0.4687555646905478,0.163251200754023,-0.3127996824350544,-0.6635534695436994,-0.664004325220646,-0.6654507894635717,-0.6690726888475538,-0.6677615946459325,-0.7086511228784049,1.574144173142235,-0.7163017421343126,1.5896033395961533,-0.8091339610026578,-0.1030992897248551,-0.146724758572024,4.681080136263386,5.88935410608231,0.8095990660187133,0.8555658915045622,-1.7493971503309889,-2.3146213505499347,-3.322418017184793,0.0443709186132726,-1.7587119633496529,-3.0914000136733537,2.31797070837242,1.8475092988806163,3.2099122667443294,-1.7493971503300294,-2.314621350549752,-3.322418017185637,1.2240464649668268,0.2782887255492345,-0.0623915891399238,-1.5055375185789304,-2.2427357798287013,-4.410471500867606,1.5054752620863003,-0.3358172877537171,-1.5412064107697654,-1.8247364418324423,-2.4262412175514774,-4.532213306331494,0.3138672279668056,0.7120383147299615,1.0278025294962732,0.3325277340949542,1.1668567005539665,1.3488659064926647,-0.901419472450542,-1.105618219424812,-0.7676713982360028,0.7437773386594498,1.3156130866801012,1.2208913532872308,1.528378472816746,3.0224700530090534,3.262582169587831,2.016576275833105,0.8285493085738973,0.9882301176611792,-0.3738004086794267,1.639063739160168,1.958525499785688,HFT_small_BTC,2525,-0.0001508718236092,23191.12857148163,-1.711819907546097e-05,0,default
2526,2526,2526,77526,23190.5,0.06358202,23190.4,0.04311,23190.3,0.09339,23190.1,0.04311,23189.2,0.0003,23190.6,4.73592331,23191.5,0.01,23191.6,3.25773915,23191.7,0.3257,23192.1,0.57619625,-0.1078371453907487,0.1602037927496005,-0.4009550877124836,0.2230924862290012,1.23168027385635,0.0816239961737234,-0.7979983640991157,0.420022716380418,-0.7047563738822583,1.20570003691642,-0.5908774017363467,-0.4847706498401083,-0.7985693117312157,-0.629615656482899,-1.1690043397671417,-0.6713995206239181,-0.6718503463040763,-0.6773903672126541,-0.676918712684898,-0.6744727641857817,-2.23468952595847,1.574144173142235,-2.2596173706237144,1.5899736358644347,-2.524653055071384,-0.1030992897248551,-0.146724758572024,-0.1126924907001257,-0.1650260102604531,-2.240086332582837,-2.4215461389589947,-0.2409892453758763,-1.2450573209151283,-2.929643505091269,2.1057961303150847,-0.6528084192021015,-2.3067375099791008,2.2179681357463026,1.8052630724022287,3.190621788246203,-0.240989245375149,-1.2450573209147693,-2.929643505092044,2.8098975752209774,1.090705070935691,0.4821116094655829,0.1172557750963374,-1.373237158497416,-3.8039511855502495,3.21959324764066,0.5447431308592653,-0.7760006934446194,0.2333293983036572,-1.411309256481926,-3.8122698954453127,-0.8138999652759268,0.0637940130128549,0.7441633629746962,0.0338274131697902,1.0732534131044498,1.3020683938054851,-0.6056343689581092,-0.544939634724439,-0.8144793723802357,0.3862605964011759,0.9365917162278664,1.2208913532872308,0.8982581240453359,2.728358095094152,3.262582169587831,2.6254305726162146,1.1107300166806988,1.156509730772166,-1.217070864243128,1.192474294749314,1.8040759143209608,HFT_small_BTC,2526,-0.0001940073291657,23190.653044341238,-2.0504700274925906e-05,0,default
2527,2527,2527,77527,23184.6,0.08867401,23184.5,0.05029,23184.4,0.04312,23183.6,0.004182,23183.3,0.00717,23184.7,0.43469152,23185.8,0.3257,23186.8,0.06201477,23186.9,0.5811053,23187.0,0.43596326,-0.1093965536851106,-0.05690252728952,0.2703227351771285,0.6681216926570068,0.3920903796138564,-0.6895408733265204,-0.635361972344826,-0.5772611835173268,0.2473004887216127,-0.5740095747613445,0.8381199234557691,0.320768276342143,-0.7985693117312157,0.2765178946432454,-0.9986348787670944,-0.6790750053763083,-0.6795258017117822,-0.6866008986190916,-0.6869820910849755,-0.6849062242486438,-2.806953927114073,2.315824123083108,-2.838857124335135,2.337500572417044,-2.269367475597285,-0.1030992897248551,-0.146724758572024,0.8864020328878892,0.7359234118136219,-2.4947212746302023,-1.9338806582358468,0.5808439198477131,-0.6814896279553531,-2.513950351852849,3.5490349978948794,0.1839385775266572,-1.6936349743168038,2.5312773557060835,1.762928917322396,3.1561005078779623,0.5808439198488136,-0.6814896279550092,-2.5139503518536253,4.033922694325951,1.7177614241422146,0.9023815756790772,0.4883175141487639,-0.7021223567001549,-3.335813857653611,4.542620017218806,1.2243958828137305,-0.3207001674372496,1.5810537254617787,-0.6450234267412237,-3.3079446211036405,-0.9822025830869564,-0.3751658903391371,0.5253560059437062,-0.2648729077553735,0.9796501256549328,1.2552708811183064,1.7606464589813533,-0.6383860655078347,-0.8612873465244687,-1.222564743761057,0.9365917162278664,1.2208913532872308,0.2681377752739259,2.434246137179251,3.0867323140384126,3.234284869399324,1.3929107247875,1.324789343883152,-2.0603413198068283,0.7458848503384606,1.495176743391509,HFT_small_BTC,2527,-0.0002544145231884,23190.104220313744,-2.3665742678313784e-05,0,default
2528,2528,2528,77528,23187.9,0.04798507,23187.1,0.43641841,23186.9,0.01811041,23186.7,0.01215671,23186.6,0.01173665,23188.0,0.00768025,23189.1,0.00717,23190.1,0.01329809,23190.2,0.0003,23190.3,0.00717,-0.0990234114102876,-0.1123262466401578,-0.979277805379158,3.721790256289852,-0.5932466722199091,-0.682226693724847,-0.7023997912077229,-0.6470807592973893,0.378467190509327,1.246106400112168,-0.7348845624370183,0.1538506502933991,-0.7985693117270244,0.2765178946432454,1.0930601664763502,-0.6889678523904988,-0.6856661660379445,-0.6852363754477628,-0.6885171827053223,-0.6864165807192355,1.3896516813549502,0.8854413624839549,1.406052613427337,0.8968340952296234,2.4789443026256106,-0.1030992897248551,-0.146724758572024,-0.1126924907001257,-0.1650260102604531,1.3822305712856555,2.357575572130392,0.4463375517837757,-0.8530689311764085,-2.648899463445774,3.232152392778587,0.1171005121218103,-1.6952413991689834,2.7384916755425617,1.7021030981646497,3.1094169078793548,0.4463375517860092,-0.8530689311760372,-2.6488994634465675,3.852549664568821,1.624845756943582,0.8401070063926189,0.302749837544901,-0.8015664963806406,-3.405181294790221,4.3465771665426844,1.123686610691121,-0.3864788969950695,1.2303084323597595,-0.3581543107466566,-3.1959435856263765,-0.8051160587666788,-0.3101347935460303,0.5577719106891474,-0.5635732286805374,0.8860468382054162,1.208473368431127,1.7606464589813533,-0.7318324962912302,-0.9080953206687014,-1.401323114890194,0.9365917162278664,1.2208913532872308,0.8982581240453359,2.728358095094152,3.262582169587831,2.6254305726162146,1.1107300166806988,1.156509730772166,-1.217070864243128,1.192474294749314,1.8040759143209608,HFT_small_BTC,2528,0.0001423358608731,23189.48776577109,-2.6582655118678744e-05,0,default
2529,2529,2529,77529,23186.9,0.00047209,23185.7,0.00717,23184.5,0.00717,23183.6,0.220782,23183.5,0.04,23187.0,1.47103899,23187.9,0.0111881,23188.0,1.54705299,23188.8,0.545,23189.1,0.00717,-0.1068370610007986,-0.0033801180911949,-1.2836070265491606,-0.5873601390728866,-0.6370862276933841,3.1779259806707447,-0.1448607066405802,0.0114455182449411,-0.6939283096960458,1.5602156171796409,0.0004993237324909,-0.777894723564062,1.6208690887080466,0.0499845068606791,-1.0575474802959783,-0.683509729899909,-0.6839605092806765,-0.6850658100513499,-0.6845941707866502,-0.6849648008505533,-0.5814812559569938,0.1967385518256743,-0.5880212255973998,0.2027985778911254,-2.5246530550693187,-0.1030992897248551,-0.146724758572024,-0.1126924907001257,-0.1650260102604531,-0.5882597909369378,-2.421546138957022,1.8808495422675129,-0.8612367881401931,-2.5813705022749285,2.8405094690632264,0.1539555101691381,-1.6289783290148054,3.0807227062654503,1.6360542277029029,3.062982512924984,1.8808495422690392,-0.8612367881398006,-2.5813705022758366,3.8298789158455073,1.6132317493574488,0.8323229873792275,0.2795547783186143,-0.8139965313521188,-3.413851887871084,4.322072761380555,1.111098440303341,-0.3864788678993482,0.3034547911448412,-0.2750501284748005,-3.076597670146041,-0.7945622606478374,-0.30200590644704,0.5618238987822538,-0.8622735496057012,0.7924435507558996,1.161675855743948,1.4648613554889205,-0.8252789270746256,-0.954903294812934,-1.401323114890194,0.9365917162278664,1.2208913532872308,0.8982581240453359,3.0224700530090534,3.262582169587831,2.6254305726162146,1.1107300166806988,1.156509730772166,-1.217070864243128,1.4157690169547412,1.8040759143209608,HFT_small_BTC,2529,-4.312594068456299e-05,23188.809701130736,-2.924017327166073e-05,0,default
2530,2530,2530,77530,23182.3,0.08626,23182.2,0.01956925,23182.1,0.0007,23181.8,0.0315,23181.2,0.04313,23182.4,0.85219859,23182.5,2.20978115,23183.3,1.56897903,23183.4,3.8733814,23184.2,0.0003,-0.1097790148795185,0.1478855199156778,0.3306845762900343,-0.1473098787991814,-0.7528754829061345,0.065902151897183,0.2769376336913435,-1.0366446577129045,0.6951996090407877,0.2339787076636416,1.5519394399925863,-0.7870893126396776,-1.0289920165355535,-0.2898155748111099,-1.183314742065766,-0.685215393178218,-0.6856661660379445,-0.6915472951151362,-0.6910756687392396,-0.6893346775553024,-2.3618593928821947,1.6800984517054922,-2.3890464096898376,1.6973804011313844,-2.5246530550714223,-0.1030992897248551,-0.146724758572024,-0.1126924907001257,-0.1650260102604531,-2.3679846426054305,-2.421546138959032,3.4055790290203123,-0.6488830260736803,-2.3679522496898704,3.278750056429656,0.753104365165686,-1.1796971722577616,3.2373318305340715,1.562022997382191,3.0023270192327027,3.4055790290220207,-0.6488830260732692,-2.36795224969071,4.668849057250362,2.05463447353283,1.1281629179167525,0.4883175141487639,-0.3415798175549245,-3.0843167659240005,4.332626611997432,1.589525258996273,-0.0659782756214043,1.1953798213368154,0.2449788278639962,-2.627742460158875,-1.0372996173846445,-0.6109036162131143,0.4078483512419987,-0.8622735496057012,0.6988402633063828,1.1148783430567686,1.7606464589813533,-0.9187253578580212,-1.001711268957167,-1.580081486019331,0.9365917162278664,1.2208913532872308,0.2681377752739259,3.0224700530090534,3.262582169587831,3.234284869399324,1.1107300166806988,1.324789343883152,-2.0603413198068283,1.4157690169547412,1.6496263288562345,HFT_small_BTC,2530,-0.0001983878828132,23188.076317498624,-3.162661825095725e-05,0,default
2531,2531,2531,77531,23182.2,0.02461953,23182.1,0.0007,23181.0,0.00717,23180.2,0.0003,23180.0,0.02157031,23182.3,0.36059557,23182.4,0.37946256,23182.5,0.3919913,23183.2,0.0103581,23183.3,0.3257,-0.1137292308810374,-0.0683128351524656,0.2515546129330837,-0.6578671070863148,-0.0836487283236301,-0.7694250685467223,0.9973331518483036,-0.5458507159127818,0.6878301680739538,0.6762016749494567,-0.7418788385090792,0.2499217188606715,0.2383328598862102,-1.1959491259372543,-1.1464058890641138,-0.6930614442584428,-0.6935121871213811,-0.6930823836828779,-0.6926107603595926,-0.6930507490390941,-0.009216854801391,-0.2800557017080191,-0.0091532634296708,-0.2775753457794571,-0.0228543762226752,-0.1030992897248551,-0.146724758572024,-0.1126924907001257,-0.1650260102604531,-0.0162379740272818,-0.0319852834140999,3.52527838177889,-0.5753494827189102,-2.317395573618425,2.8583669490071104,0.9202459205752432,-1.021396043626975,3.139623947983481,1.488837426768346,2.933637165084712,3.525278381778455,-0.5753494827185891,-2.317395573619217,4.872958853314334,2.1591984190854383,1.1982444754032946,0.4883175141487639,-0.2172301862401476,-3.006253150405117,4.02913928131208,1.7028598468468736,0.0099451490548068,1.1152380310172647,0.3683096680869501,-2.525290154089758,-1.0372996173846445,-0.6840636001052114,0.3713804584034512,-0.8622735496057012,0.6052369758568662,1.0680808303695897,1.7606464589813533,-1.0121717886414163,-1.0485192431013997,-1.580081486019331,0.9365917162278664,1.2208913532872308,0.2681377752739259,3.0224700530090534,3.262582169587831,3.234284869399324,1.3929107247875,1.4930689569941376,-2.0603413198068283,1.192474294749314,1.495176743391509,HFT_small_BTC,2531,-4.313635834196639e-06,23187.294091649717,-3.37339690537064e-05,0,default
2532,2532,2532,77532,23182.2,0.02461953,23182.1,0.0007,23181.0,0.00717,23180.2,0.0003,23180.0,0.02157031,23182.3,0.10588014,23182.4,0.05376256,23182.5,0.0662913,23183.2,0.0125881,23183.3,0.12743,-0.1137292308810374,-0.1021767000965245,0.2515546129330837,-0.6578671070863148,-0.0836487283236301,-0.7694250685467223,0.9973331518483036,-0.3983292285466855,0.0841499977547977,0.2160925657965232,-0.6020012146683298,0.8406917284732871,0.2383328598862102,-1.1959491259372543,-0.9136720318500452,-0.6930614442584428,-0.6935121871213811,-0.6930823836828779,-0.6926107603595926,-0.6930507490390941,-0.009216854801391,-0.2800557017080191,-0.0091532634296708,-0.2775753457794571,-0.0228543762226752,-0.1030992897248551,-0.146724758572024,-0.1126924907001257,-0.1650260102604531,-0.0162379740272818,-0.0319852834140999,3.52527838177889,-0.5671763038873777,-2.4186924409112325,2.1786377079968284,0.9541598688748192,-0.9499651631374642,2.673537467814556,1.412910552043518,2.848647354378578,3.525278381778455,-0.5671763038872247,-2.418692440912034,3.8080948099481455,2.1591984190854383,1.1982444754032946,0.4883175141487639,0.1310555963695192,-3.006253150405117,3.7205740259741344,1.7028598468468736,0.0099451490548068,0.4888612905815899,0.3790345505845947,-2.4133952647440213,-1.0372996173846445,-0.6840636001052114,0.3713804584034512,-0.8622735496057012,0.5116336884073495,1.0212833176824103,1.4648613554889205,-1.105618219424812,-1.0953272172456323,-1.401323114890194,0.9365917162278664,1.2208913532872308,0.2681377752739259,2.728358095094152,3.262582169587831,3.234284869399324,1.3929107247875,1.324789343883152,-2.0603413198068283,0.9691795725438872,1.6496263288562345,HFT_small_BTC,2532,0.0,23186.46960157792,-3.5557839070610164e-05,0,default
2533,2533,2533,77533,23184.0,0.98346225,23183.9,0.10854628,23183.4,0.62583889,23183.2,0.54573151,23182.3,0.01002999,23184.1,0.01247042,23184.2,0.0003,23184.5,0.00717,23185.6,0.0121881,23185.7,0.02541896,-0.0445923695409706,-0.1116524710409219,0.1823353412149948,-0.470780236364224,0.6656995115209506,0.39409924142377,-0.7835684519098068,-0.6434637878103309,-0.6826230966460273,-0.0869850249488933,0.3054926572115337,1.2777645770910036,-0.3377239021225396,-0.5163489625895555,1.1892308007842776,-0.6930614442584428,-0.6931710557699262,-0.6927412528900457,-0.6926107603595926,-0.6927691824200535,0.1179530121223332,-0.1741014231447619,0.1195151355929188,-0.1707997981063174,2.47894430261424,-0.1030992897248551,-0.146724758572024,-0.1126924907001257,-0.1650260102604531,0.110908691875835,2.35757557211953,2.7929060076666348,-0.3546706222770182,-2.4130440575813386,1.5824208513203648,0.9457960746000657,-0.8986737344450771,2.2728434055081594,1.3708459233843382,2.758391411897031,2.792906007667213,-0.3546706222765968,-2.4130440575821206,3.422897600043967,2.1359612851129195,1.1826703257122977,0.4419167898883792,0.1434986667910623,-3.0236011443308284,2.2413979723300663,1.6776736224005862,-0.006927232545233,0.2984428479519704,0.354903796278688,-2.396586801326321,-1.0128652804351463,-0.8970404421017532,0.3794844345898114,-0.8622735496057012,0.4180304009578328,0.9744858049952312,1.1690762519964877,-1.105618219424812,-1.1421351913898654,-1.222564743761057,0.8824458061632615,1.2208913532872308,0.8982581240453359,2.728358095094152,3.262582169587831,2.6254305726162146,1.3929107247875,1.324789343883152,-1.217070864243128,0.9691795725438872,1.6496263288562345,HFT_small_BTC,2533,7.764577995184041e-05,23185.60944454888,-3.709736944945696e-05,0,default
2534,2534,2534,77534,23182.1,5.072e-05,23181.1,0.01004,23181.0,0.00717,23180.3,0.005,23180.2,0.0003,23182.2,1.90009108,23182.3,3.72887133,23182.7,0.01017403,23183.5,0.0132681,23183.7,1.33528759,-0.114719877388448,0.1012770995826992,-1.2817861274181268,1.6610546833220905,0.8880872129006501,0.3027844832694039,-0.7432390720925973,-0.4570838667024821,2.176824354706387,-0.746877013440807,-0.7682586053050735,0.1061203598394538,-0.1073011973223935,-0.629615656482899,-1.227160223463332,-0.6901618166853164,-0.6906125706340243,-0.69342351447571,-0.6929518918307828,-0.6930612431620191,-1.217330590573302,0.7265099446400326,-1.2314134235919263,0.7367179771480448,-2.524653055070781,-0.1030992897248551,-0.146724758572024,-0.1126924907001257,-0.1650260102604531,-1.224042729595559,-2.42154613895842,2.6285481017625667,-0.2974639409212347,-2.390575007963667,1.190736428918751,1.0224881174409013,-0.7881285355005531,1.6959496171200126,1.3343067565719184,2.6598807382717204,2.6285481017638537,-0.2974639409204772,-2.3905750079644807,3.2417098221978136,2.1824359540084104,1.2138188938220262,0.4883175141487639,0.6410454923344061,-2.988904857145637,1.1149241239002796,1.7280465058743375,0.0268178217818197,0.358575360889462,0.4085282087710515,-2.305253647104011,-1.0372996173846445,-0.9413992449871244,0.3632764822170908,-0.8622735496057012,0.3244271135083161,0.927688292308052,1.7606464589813533,-1.105618219424812,-1.188943165534098,-1.580081486019331,0.8282998960986565,1.2208913532872308,0.8982581240453359,2.434246137179251,3.262582169587831,2.6254305726162146,1.6750914328943007,1.4930689569941376,-1.217070864243128,0.522590128133034,1.495176743391509,HFT_small_BTC,2534,-8.195307108360694e-05,23184.720159241548,-3.835505421845298e-05,0,default
2535,2535,2535,77535,23181.0,0.03556024,23180.2,0.2169,23180.0,0.02157031,23179.9,0.00717,23179.6,0.005,23181.1,0.0881614,23181.7,0.06066001,23182.2,0.05753513,23182.3,0.05090418,23182.7,0.01017403,-0.1065066351099252,-0.1052036581318776,-0.8666768520130017,3.3397747721634063,-0.3791314018148302,-0.6725089407144874,-0.7243005295851223,-0.2622179164245652,0.5165687128977181,0.3982433690096252,0.1957627064297707,-0.6093985549265537,-0.6833579593269511,-0.5163489625895555,0.049845441148771,-0.6934025769141059,-0.6938533184728359,-0.6952997338362776,-0.6948281149223198,-0.695252581119745,-0.7086511228784049,0.3026928303870041,-0.7168355634178604,0.3096952329627234,-2.524653055069824,-0.1030992897248551,-0.146724758572024,-0.1126924907001257,-0.1650260102604531,-0.7155506696515621,-2.421546138957505,2.613726204808609,0.0866830445143545,-2.3512928005527054,1.003568951099205,1.1793361356962286,-0.6088292172497316,0.7781352627456324,1.3440943463873287,2.549121868235598,2.613726204810221,0.0866830445148356,-2.351292800553404,1.9050669535329368,2.310249563523917,1.2994829989347851,0.4883175141487639,0.6410454923344061,-2.893483893270903,1.1443803404917428,1.866580899154283,0.119622726026496,0.6241763707587386,0.5560048854527715,-2.0629300626757474,-1.0372996173846445,-1.261214584141816,0.3187046131923307,-0.8622735496057012,0.2308238260587995,0.8808907796208726,1.7606464589813533,1.604328273293658,-1.188943165534098,-1.580081486019331,-0.7960774058394918,1.1938947535383362,0.8982581240453359,2.1401341792643507,3.262582169587831,2.6254305726162146,1.9572721410011027,1.4930689569941376,-1.217070864243128,0.07600068372218,1.495176743391509,HFT_small_BTC,2535,-4.745040354403596e-05,23183.80815320362,-3.93365126541978e-05,0,default
2536,2536,2536,77536,23180.3,0.00535453,23180.2,0.0003,23180.0,0.02157031,23179.9,0.00717,23178.8,0.00940999,23180.4,0.06617164,23181.1,0.18192138,23182.6,0.0130881,23182.7,0.01017403,23183.3,0.00717,-0.1140580539362724,-0.1048629041895996,-0.8735271513058221,-0.6902170497516317,1.8007557152819813,0.0152967864631062,0.171363917020294,-0.5729887833590417,2.823612914877095,-0.5028556220955798,-0.5911047226796181,-0.6669038975872031,-0.5681466069268777,0.9561180579868236,-0.8973444948116778,-0.6951082401924148,-0.6955589752301039,-0.6952997338362776,-0.6948281149223198,-0.6951270079678077,-0.0728017882620965,-0.2270785624273541,-0.0734907932838866,-0.2241848082558279,-2.524653055047081,-0.1030992897248551,-0.146724758572024,-0.1126924907001257,-0.1650260102604531,-0.0798145979345212,-2.421546138935782,1.5674557297762102,0.0866830445143545,-2.3512928005527054,0.7011300830792727,1.1739292610245282,-0.5393925095262422,0.3407303730916244,1.3536870889764356,2.428973587783163,1.5674557297775988,0.0866830445148356,-2.351292800553404,0.8854590968923809,2.310249563523917,1.2994829989347851,0.4883175141487639,0.6410454923344061,-2.5893101540924497,0.9827418567858528,1.866580899154283,0.119622726026496,0.5289617668375378,0.5560048854527715,-1.9640840340727657,-1.0372996173846445,-1.261214584141816,0.3187046131923307,-0.8622735496057012,0.1372205386092826,0.8340932669336936,1.4648613554889205,1.510881842510262,-1.188943165534098,-1.401323114890194,-0.7960774058394918,1.1668981537894416,0.8982581240453359,2.1401341792643507,3.262582169587831,2.016576275833105,1.9572721410011027,1.4930689569941376,-0.7954356364612776,0.07600068372218,1.495176743391509,HFT_small_BTC,2536,-3.019714421292896e-05,23182.879636521902,-4.005022279240933e-05,0,default
2537,2537,2537,77537,23180.3,0.81792197,23180.2,0.0003,23180.0,0.02157031,23179.9,0.00717,23178.8,0.00940999,23180.4,0.00189397,23182.1,0.01390809,23182.2,0.00717,23182.7,0.01017403,23183.3,0.00717,-0.0887439227127808,-0.112181907677421,1.9602964389586088,-0.7250871811676977,-0.6414168121966657,-0.7552661651601332,-0.7537197054492132,-1.2162884564116745,1.1559383845464155,0.1983925351333416,0.5130084688044956,0.0441903276728342,-0.5681466069268777,0.9561180579868236,1.1388324788529645,-0.6952788065202432,-0.6957295409058282,-0.6952997338362776,-0.6948281149223198,-0.6952681026940961,-0.009216854801391,-0.2800557017080191,-0.0091532634296708,-0.2775753457794571,-0.0228543762226752,-0.1030992897248551,-0.146724758572024,-0.1126924907001257,-0.1650260102604531,-0.0162379740272818,-0.0319852834140999,0.7603327918947334,0.0948566817009448,-2.154315623763864,0.5542312043266917,1.168030852293696,-0.4757838228352282,0.2990778378719766,1.3639823477137265,2.323345355699832,0.7603327918950731,0.0948566817014255,-2.154315623764673,0.8854590968923809,2.310249563523917,1.2994829989347851,0.4883175141487639,0.6410454923344061,-2.302517771438627,0.4145580958763271,1.866580899154283,0.119622726026496,0.3084647893376426,0.5560048854527715,-1.8726980830998,-1.0372996173846445,-1.261214584141816,0.2419129033621664,-0.5635732286805374,0.0436172511597661,0.7872957542465142,1.1690762519964877,1.4174354117268668,-1.188943165534098,-1.04380637263192,-0.7960774058394918,1.139901554040547,0.8982581240453359,1.8460222213494488,3.0867323140384126,1.4077219790499955,1.9572721410011027,1.4930689569941376,-0.3738004086794272,-0.1472940384832465,1.3407271579267828,HFT_small_BTC,2537,0.0,23181.940562339485,-4.05072276241647e-05,0,default
2538,2538,2538,77538,23182.0,0.00642598,23180.2,0.0003,23180.0,0.02157031,23179.9,0.00717,23179.8,0.03881795,23182.1,4.29438634,23182.2,0.00717,23182.6,1.80493466,23182.7,0.01017403,23183.2,1.09347976,-0.1131085207081694,0.1081119856882702,-0.99510113166627,-0.7052958447113777,0.7446937704965323,-0.3179156299876673,1.568072502193519,0.6353865151187345,-0.705451520863066,0.5868570286416913,-0.7707535831968281,-0.0782328873796647,0.2383328598862102,-1.0826824320439108,-1.2098110754166662,-0.6963022044872261,-0.6967529349601865,-0.696323126214768,-0.6958515093358842,-0.6962914966887105,-0.009216854801391,-0.2800557017080191,-0.0091532634296708,-0.2775753457794571,-0.0228543762226752,-0.1030992897248551,-0.146724758572024,-0.1126924907001257,-0.1650260102604531,-0.0162379740272818,-0.0319852834140999,0.9696120340998402,0.1439023130055413,-1.929248670356582,0.5398433698681204,1.2476917370697609,-0.3588995614729764,0.1302428409477759,1.3799170936573304,2.2315083881865463,0.969612034100388,0.1439023130060708,-1.9292486703574057,1.0214455185930986,2.379971190661148,1.3462123012239258,0.4883175141487639,0.6410454923344061,-2.250450859359677,0.2431375401298901,1.942150655384566,0.1702472953107684,0.4588075289936336,0.6364526085254036,-1.7981545115374502,-1.0372996173846445,-1.261214584141816,0.2139551568647286,-0.8622735496057012,-0.0499860362897508,0.7404982415593352,1.7606464589813533,1.604328273293658,-1.1421351913898654,-1.580081486019331,-0.9585151360333066,1.085908354542758,0.2681377752739259,1.8460222213494488,2.910882458488994,2.016576275833105,2.2394528491079035,1.661348570105124,-1.217070864243128,-0.3705887606886738,1.031827986997331,HFT_small_BTC,2538,7.333813626231311e-05,23180.99657461966,-4.072082392259091e-05,0,default
2539,2539,2539,77539,23180.2,0.0011501,23180.0,0.02157031,23179.9,0.00717,23178.7,0.00717,23178.5,0.00175054,23180.3,3.43217572,23180.9,0.01218054,23181.0,0.65292017,23181.2,0.5917089,23181.4,1.24067896,-0.1142136296182544,0.0687690604209138,-1.188607840926713,2.255389951492045,0.1925560819814374,0.1197916958038746,-0.5988822074096549,0.5787222241862346,-0.6997169553852922,-0.1645940598291297,-0.2674870357198262,0.1909327007185421,-0.3377239021225396,-1.0826824320439108,-1.2189959828133197,-0.6935731432419343,-0.6940238841485602,-0.6964936916111871,-0.6960220750714824,-0.6935663215130184,-1.0901607236495778,0.6205556660767755,-1.1028488085310575,0.6300285546574413,-2.5246530550706265,-0.1030992897248551,-0.146724758572024,-0.1126924907001257,-0.1650260102604531,-1.0969986202238615,-2.421546138958272,0.9995105702930288,0.3155545120245339,-1.9236288846622984,0.3756596482716238,1.2432731915761377,-0.2921266070916858,-0.2779263428915892,1.4093094936910058,2.1326887401802024,0.9995105702944574,0.3155545120248128,-1.9236288846632443,0.1830824159872243,2.3915918127602267,1.3540007534610905,0.4883175141487639,0.6410454923344061,-2.241772778626622,0.1941570689771869,1.954745995099884,0.1786849783182257,0.4537967313006794,0.6444980633443428,-1.788838667310969,-1.0372996173846445,-1.261214584141816,0.2095889596786216,-0.8622735496057012,-0.1435893237392673,0.6937007288721558,1.7606464589813533,1.604328273293658,-1.188943165534098,-1.580081486019331,-1.0126610460979115,1.085908354542758,-0.3619825734974841,1.5519102634345483,2.910882458488994,2.6254305726162146,2.5216335572147046,1.82962818321611,-2.0603413198068288,-0.8171782050995271,0.8773784015326046,HFT_small_BTC,2539,-7.764644983176971e-05,23180.05296334884,-4.070624262353384e-05,0,default
2540,2540,2540,77540,23180.2,0.44782297,23180.0,0.02157031,23179.9,0.00717,23179.1,0.04313575,23179.0,0.545,23180.3,0.00639859,23181.9,0.01141055,23182.2,0.00717,23182.7,0.01017403,23183.3,0.00717,-0.0822538633276732,-0.1121202398906444,0.1416901719131537,-0.6182526098255304,-0.7378727113966859,-0.595793337854427,1.51961010382377,-0.8645807075751855,0.7480835734974526,0.1531952536570199,0.451786649019209,0.0047609622372941,-0.9137806641312892,1.069384751880167,1.1555604859532147,-0.6964727708150606,-0.696923500635917,-0.6964936916111871,-0.6960220750714824,-0.6964620623544837,-0.009216854801391,-0.2800557017080191,-0.0091532634296708,-0.2775753457794571,-0.0228543762226752,-0.1030992897248551,-0.146724758572024,-0.1126924907001257,-0.1650260102604531,-0.0162379740272818,-0.0319852834140999,0.431518017808441,0.2419895558947188,-1.9292569739515604,0.2921263908303941,1.228526724445719,-0.2351767961437353,-0.3229029192690343,1.4327947005244188,2.02565142287237,0.4315180178095521,0.241989555895402,-1.929256973952412,0.0244719598161959,2.3915918127602267,1.3540007534610905,0.4883175141487639,0.6410454923344061,-2.015808320326919,0.1843605014081449,1.954745995099884,0.1786849783182257,0.3285105744363927,0.5935504760928441,-1.4456647334385722,-1.0372996173846445,-1.261214584141816,0.1721227601191875,0.0338274131697902,-0.237192611188784,0.6469032161849767,1.4648613554889205,1.510881842510262,-1.188943165534098,-0.8650480015027832,-1.0126610460979115,1.0589117547938631,-0.3619825734974841,1.5519102634345483,2.910882458488994,2.016576275833105,2.2394528491079035,1.661348570105124,-1.6387060920249783,-0.5938834828941005,1.031827986997331,HFT_small_BTC,2540,0.0,23179.114627203715,-4.0480327918590575e-05,0,default
2541,2541,2541,77541,23180.2,0.00113525,23180.0,0.02157031,23179.9,0.00717,23178.7,0.00717,23178.5,0.00175054,23180.3,0.15382859,23181.7,0.01187054,23182.2,0.00717,23182.7,0.01017403,23183.3,0.00717,-0.1142140922442842,-0.1075763012485799,-1.189871623859421,2.2565315095543426,0.1929256959705853,0.1201425425184442,-0.5988038512470371,1.3546696992376162,-0.3731320487974273,-0.5526739840059075,-0.5043460618124496,-0.6110277580665704,-0.3377239021225396,1.069384751880167,-0.8140521800330319,-0.6964727708150606,-0.696923500635917,-0.6964936916111871,-0.6960220750714824,-0.6964620623544837,-0.009216854801391,-0.2800557017080191,-0.0091532634296708,-0.2775753457794571,-0.0228543762226752,-0.1030992897248551,-0.146724758572024,-0.1126924907001257,-0.1650260102604531,-0.0162379740272818,-0.0319852834140999,0.2969934659031438,0.2419895558947188,-1.782926652436256,0.234517247767017,1.2137802573145415,-0.1825565029868879,-0.3321915598925051,1.455710861379855,1.9286348736433607,0.2969934659049892,0.241989555895402,-1.782926652437124,0.0244719598161959,2.3915918127602267,1.3540007534610905,0.4883175141487639,0.6410454923344061,-1.920207972584944,0.1451742311370192,1.954745995099884,0.1786849783182257,0.3084647893376426,0.4755665898284671,-1.180823980123872,-1.0372996173846445,-1.261214584141816,0.0957803785791613,-0.2648729077553735,-0.3307958986383008,0.6001057034977975,1.1690762519964877,1.4174354117268668,-1.188943165534098,-0.8650480015027832,-1.0126610460979115,1.0319151550449688,-0.3619825734974841,1.5519102634345483,2.735032602939576,1.4077219790499955,2.2394528491079035,1.661348570105124,-1.217070864243128,-0.5938834828941005,0.8773784015326046,HFT_small_BTC,2541,0.0,23178.18604360956,-4.006121929545081e-05,0,default
2542,2542,2542,77542,23172.9,0.0091412,23171.8,0.00717,23170.6,0.00717,23169.4,0.05032,23169.3,0.03152,23173.0,2.63268351,23173.2,1.17728867,23173.9,1.1144397,23174.0,0.63387154,23174.1,0.20827,-0.112141617975495,0.0637574583163105,-0.994120366475541,-0.3616575853596023,-0.4172374282564859,1.5736880948096477,0.5546839127468408,0.1660437985687436,0.3939290374728608,0.2809996651255367,-0.2156437409094667,-0.6184034973609598,1.8512917935123847,-1.0826824320480315,-1.1905741188259773,-0.6971550361263805,-0.696923500635917,-0.7070687461889471,-0.7065971506783423,-0.7023146825498444,-3.6971429955778303,3.004526933741388,-3.74092317498691,3.0328093471330524,-2.363246688695239,0.8121537194510835,0.5088019436209952,-0.1126924907001257,-0.1650260102604531,-3.958192716783627,-2.4215461389592923,1.224046072122155,0.8062040501826971,-1.3161460787071608,1.784680991543992,2.079954950116909,0.4758250273663271,0.3304184582455003,1.5575126227060052,1.8420786008940853,1.224046072123777,0.8062040501836555,-1.3161460787081711,1.4298166445649627,3.112266248771025,1.837016066717048,0.4883175141487639,0.6410454923344061,-1.3819346664139858,1.4387876835473907,2.7358693521848383,0.7019635421582351,1.862428770861392,1.307064199156865,-0.073098733389482,-1.0372996173846445,-1.261214584141816,-0.2023796136001628,-0.5635732286805374,-0.4243991860878174,0.5533081908106183,1.7606464589813533,1.604328273293658,-1.1421351913898654,-1.401323114890194,-1.1750987762917264,0.9779219555471796,-0.3619825734974841,1.257798305519647,2.5591827473901576,2.016576275833105,2.5216335572147046,1.82962818321611,-1.6387060920249783,-1.0404729273049538,0.5684792306031529,HFT_small_BTC,2542,-0.0003149239437105,23177.27124609302,-3.946803752541417e-05,0,default
2543,2543,2543,77543,23175.1,0.39562631,23174.2,0.04344799,23174.1,0.39683938,23173.3,0.01,23173.0,0.439976,23175.2,0.00763944,23176.3,0.01045054,23176.4,0.00717,23177.5,0.01678081,23177.6,0.04315,-0.0753630517299191,-0.1108031268459323,-0.2425969148875781,-0.5456562785735743,0.840008749584335,-0.7582222851133918,0.7493055064004539,-1.0721828692039552,-0.0470161639129421,-0.3036433159125071,0.2297142193199212,1.5807403206931412,0.123121507481945,0.3897845885324682,1.0961447096671777,-0.7089241127467147,-0.7073280068552493,-0.7068981807925279,-0.7084733737698792,-0.7087102283132846,0.7538023467386417,0.3556699696695963,0.7631669609657041,0.3633350530853048,2.478944302624663,-0.1030992897248551,-0.146724758572024,-0.1126924907001257,-0.1650260102604531,0.746948187356283,2.357575572129486,1.2389918886582387,0.806200557371737,-1.3217699892882775,1.516720254847191,2.0165194630853014,0.5048050493537585,0.5828892638816594,1.6502798693107914,1.7496224544137136,1.2389918886592803,0.8062005573723237,-1.321769989289142,1.3164854248070017,3.1006394078900383,1.8292234464856525,0.4651088426487554,0.6286023666999827,-1.3906187791964442,1.3603869867739204,2.7232672720667632,0.693521343719481,1.5315795484687709,1.27755647053834,0.3298657581871675,-0.7920677265467778,-1.1701710486317447,-0.1975705814681338,-0.8622735496057012,-0.5180024735373341,0.5065106781234391,1.7606464589813533,1.604328273293658,-1.188943165534098,-1.580081486019331,-1.2292446863563316,0.9779219555471796,-0.3619825734974841,1.257798305519647,2.735032602939576,2.016576275833105,2.5216335572147046,1.82962818321611,-1.6387060920249783,-1.0404729273049538,0.7229288160678792,HFT_small_BTC,2543,9.493848417752028e-05,23176.37380885935,-3.872057345066793e-05,0,default
2544,2544,2544,77544,23176.2,0.04129109,23174.2,0.0003,23174.1,0.00717,23173.1,0.00610527,23173.0,0.01,23176.3,0.17485623,23176.4,0.00717,23177.4,0.0129057,23177.5,0.01678081,23178.2,0.0003,-0.1134019184477676,-0.1069065063967256,0.876447946026029,-0.7021494318873326,-0.1953158915689016,-0.3298252626930749,-0.1039133756239363,1.408763088468002,-0.5278292893445194,-0.4284641399869795,-0.3730644488357453,-0.7806388917978982,1.3904463839037091,-0.1765488809177665,-0.652805237550657,-0.7051716535344338,-0.703746127664989,-0.7033163074678056,-0.704720927586799,-0.7051488470767872,0.6902174132756229,0.3026928303870041,0.6987397362663924,0.3098700822409743,2.4789443026244737,-0.1030992897248551,-0.146724758572024,-0.1126924907001257,-0.1650260102604531,0.683282929405337,2.357575572129305,0.8651356429623072,0.8551789837779892,-1.4961515071100413,0.7444869227279209,1.6549856931272142,0.3390430459770054,0.5806901940208041,1.7160752325862971,1.641645828732255,0.8651356429634739,0.8551789837784949,-1.4961515071108262,0.5911216755651264,2.856498926507534,1.66559395555188,-0.0222269943245358,0.3673215326973419,-1.355656819720095,0.8458274801563587,2.458648710774656,0.5162520053215445,0.2032062541263618,0.928826380746402,0.2142185433737261,-0.2221056945450423,-1.0108448614893266,-0.1250947142749827,-0.8622735496057012,-0.6116057609868509,0.45971316543626,1.4648613554889205,1.510881842510262,-1.188943165534098,-1.401323114890194,-1.2292446863563316,0.9509253557982852,0.2681377752739259,1.257798305519647,2.910882458488994,1.4077219790499955,2.5216335572147046,1.661348570105124,-0.7954356364612776,-1.0404729273049538,1.031827986997331,HFT_small_BTC,2544,4.746473585881539e-05,23175.496838550545,-3.783897843712136e-05,0,default
2545,2545,2545,77545,23176.2,0.00670854,23174.2,0.0003,23174.1,0.00717,23172.9,0.00717,23171.8,0.00717,23176.3,1.94490904,23176.4,1.1215678,23177.0,0.0117557,23177.1,0.52401691,23177.3,0.64217758,-0.1145342718253135,0.0169899325248276,-0.4890503992686788,-0.6705186217003664,0.5410536938738467,0.4505942242733849,0.3374708517032151,0.1717235969055657,0.7190764323128037,-0.7398369487762301,-0.1463878493297246,-0.0799135864947508,2.772982612725545,-1.1959491259372543,-1.2185695429615515,-0.7032954239282965,-0.703746127664989,-0.7033163074678056,-0.7028447044952622,-0.7032846889852629,-0.009216854801391,-0.2800557017080191,-0.0091532634296708,-0.2775753457794571,-0.0228543762226752,-0.1030992897248551,-0.146724758572024,-0.1126924907001257,-0.1650260102604531,-0.0162379740272818,-0.0319852834140999,0.7006883691163371,0.8551789837779892,-1.1640369292580752,0.6090820710228892,1.6033641503400482,0.3733520688531785,0.5811117943433545,1.7768635970655688,1.5684296721802573,0.7006883691174141,0.8551789837784949,-1.1640369292590649,0.5911216755651264,2.856498926507534,1.66559395555188,-0.0222269943245358,0.3673215326973419,-1.355656819720095,0.7282483798500101,2.458648710774656,0.5162520053215445,0.2032062541263618,0.9180987217351868,0.2981614363263787,-0.2130479842914018,-1.0108448614893266,-0.1630745074045718,0.0338274131697902,-0.7052090484363676,0.4129156527490806,1.1690762519964877,1.4174354117268668,-1.0953272172456323,-0.6862896303736462,-1.2292446863563316,0.8699355565516015,0.2681377752739259,1.257798305519647,2.735032602939576,0.7988676822668856,2.5216335572147046,1.661348570105124,-0.3738004086794267,-1.0404729273049538,0.8773784015326046,HFT_small_BTC,2545,0.0,23174.64297311991,-3.6843457406066094e-05,0,default
2546,2546,2546,77546,23176.1,0.00633634,23174.4,0.0096184,23174.3,0.19827,23174.2,0.11294348,23174.1,0.00717,23176.2,0.06398464,23176.4,0.00717,23177.1,0.005,23177.5,0.01678081,23178.2,0.0003,-0.1050069893756916,-0.1105559536502598,-1.2249516654084374,-0.5725929440303518,2.326602385905215,0.8792523729250998,-0.7062594229965632,0.9413952497952366,-0.2946921217349769,-0.4672881476332782,0.1427677343397491,-0.7722112866348417,0.0079101550818716,-0.0632821870285436,0.7085584073987631,-0.7034659902561249,-0.7039166933407134,-0.7067276153961148,-0.706256019207152,-0.7039779205960595,-1.217330590573302,0.7265099446400326,-1.231824777879914,0.7370593397492836,-2.524653055070781,-0.1030992897248551,-0.146724758572024,-0.1126924907001257,-0.1650260102604531,-1.2244492188860134,-2.42154613895842,0.99976985593808,1.2722290813614865,-1.102211993591319,0.99233477038073,1.8218069861103288,0.6057400494656454,0.632508703677928,1.8502681346496448,1.4880365082516147,0.999769855939262,1.272229081361986,-1.1022119935920078,1.044503661520212,3.089012667351369,1.8214308935063668,0.4419003714447779,0.6161593484525193,-1.1819730456941535,1.1692972709291432,2.7106653007079906,0.6850792181393185,0.3034520455625515,1.186359633782324,0.4865730356049116,-0.7125944285904469,-1.1625840873393536,-0.2637328335923295,-0.2648729077553735,-0.7988123358858842,0.3661181400619016,0.8732911485040546,1.3239889809434713,-1.1421351913898654,-0.6862896303736462,-1.2292446863563316,0.8699355565516015,0.2681377752739259,0.963686347604746,2.735032602939576,1.4077219790499955,2.803814265321506,1.661348570105124,-0.7954356364612776,-1.4870623717158078,0.8773784015326046,HFT_small_BTC,2546,-4.31477118778556e-06,23173.81438769139,-3.575396736343883e-05,0,default
2547,2547,2547,77547,23171.4,0.01369311,23171.3,0.04057,23171.2,0.02102,23170.9,0.005,23170.6,0.00717,23171.5,0.20125551,23171.9,0.12743,23172.5,0.00974873,23172.9,0.00717,23173.0,0.12743,-0.1126982673718493,-0.0988865878054833,-0.7566834681546333,1.762390426627629,0.4832544061381745,-0.5131395171930256,-0.431489128719328,0.0611210442041409,0.7469107023561765,-0.6442361080117145,-0.7004311470367965,0.4721688564477258,-1.3746260737357738,-0.629615656482899,-0.8473064923684559,-0.7036365565839595,-0.7040872590164439,-0.7116740118921596,-0.7112024255393886,-0.711105421382874,-2.9977087274961898,2.209869844517923,-3.033669533476067,2.232321284890734,-2.5246530550715662,-0.1030992897248551,-0.146724758572024,-0.1126924907001257,-0.1650260102604531,-3.0049839491646244,-2.421546138959169,1.433529718586778,1.5176994168213105,-1.0347863710891578,1.5514824985111373,2.158383934425321,0.9261571365455268,0.7998307987661206,1.949721676687412,1.3969272070711711,1.4335297185882503,1.517699416821746,-1.0347863710899357,1.5660425228856136,3.4262288867951978,2.047442237506933,0.4883175141487639,0.6410454923344061,-0.9300783170485242,1.87510563094751,3.076166631453072,0.9299304438757384,1.0053233780655209,1.4681209369295636,0.7571222282961558,-1.0372996173846445,-1.261214584141816,-0.4096874065644683,-0.5635732286805374,-0.892415623335401,0.3193206273747223,1.7606464589813533,1.604328273293658,-1.188943165534098,-1.401323114890194,-1.4458283266147511,0.8699355565516015,0.2681377752739259,0.6695743896898453,2.735032602939576,2.016576275833105,3.085994973428307,1.661348570105124,-1.217070864243128,-1.9336518161266616,0.8773784015326046,HFT_small_BTC,2547,-0.0002027951208355,23173.01280721442,-3.458992393556848e-05,0,default
2548,2548,2548,77548,23169.4,0.00772727,23168.6,0.02574176,23168.3,0.00717,23168.2,0.0003,23167.3,0.004292,23169.5,3.80593726,23170.5,0.01,23170.6,2.15762831,23170.7,2.65815588,23171.3,0.37937841,-0.1140136231454559,0.1634465579280478,-0.7081521487383843,2.326964334029355,0.0554950559270948,-0.7638987626128481,-0.3729245268978976,0.0506732822404255,-0.7048275418929496,0.5284894149348025,0.7310922012754041,-0.5904260121404292,0.1231215074861364,-0.2898155748111099,-1.2227451159259743,-0.7116531739920066,-0.7121038457755985,-0.7130385350634882,-0.7125669514241495,-0.7127882891578825,-0.5178963224962883,0.1437614125450093,-0.5240689658320082,0.1497277569805013,-2.5246530550689714,-0.1030992897248551,-0.146724758572024,-0.1126924907001257,-0.1650260102604531,-0.5250638806131294,-2.4215461389566904,1.4634861403505617,1.5749930702631432,-1.0348219449950051,1.49966618961375,2.1815710228042704,1.036638169506119,0.9161070832161328,2.0460118417114663,1.296048396085006,1.4634861403516657,1.5749930702636414,-1.0348219449957663,1.724789814957967,3.5192689055149065,2.109800150514086,0.4883175141487639,0.6410454923344061,-0.8518844407839925,2.071194293427013,3.1770106854858686,0.9974863955541512,1.0504693362875843,1.146249505822533,0.8317684063291244,-1.0372996173846445,-1.261214584141816,-0.4532747153486028,-0.8622735496057012,-0.9860189107849175,0.2725231146875432,1.7606464589813533,1.604328273293658,-1.188943165534098,-1.580081486019331,-1.499974236679356,0.842938956802707,0.2681377752739259,0.6695743896898453,2.735032602939576,2.016576275833105,3.085994973428307,1.661348570105124,-1.217070864243128,-1.9336518161266616,0.8773784015326046,HFT_small_BTC,2548,-8.631330001640514e-05,23172.2395257278,-3.336991581792681e-05,0,default
2549,2549,2549,77549,23164.7,0.61974252,23164.6,0.39063368,23163.7,0.43433223,23163.6,0.00717,23162.6,0.69179098,23164.8,4.79e-06,23165.9,0.01096571,23166.0,0.00717,23166.2,0.0003,23167.0,0.00379376,-0.0486404099193252,-0.1127374741904503,-0.3057602350505665,0.2508765664454696,0.2859604398635434,-0.7802116357670698,0.6610606152157258,-1.3741176773245802,1.9579674607090365,0.9734707336149816,-0.7089476332827817,0.0104460026161551,0.1231215074861364,0.163251200754023,1.2250770147540293,-0.7150645005486244,-0.7155151592901344,-0.7231018934519968,-0.7228008955598191,-0.721206219158229,-2.997708727498503,2.2628469838024423,-3.0345441465028804,2.286464581519774,-2.472532249261119,-0.1030992897248551,-0.146724758572024,0.0873083858851427,0.018917830083628,-2.9422394897309108,-2.321981103309356,2.331379213034539,2.851379664634295,-0.6971716107833247,2.751008861677508,2.8810887621160965,1.6472764084514169,1.4079714584539036,2.129182436001829,1.214472856299763,2.331379213036892,2.8513796646350467,-0.6971716107840507,3.0631096984649133,4.205637506743567,2.569822774275569,0.4883175141487639,0.6410454923344061,0.0347854606748524,2.7335132586105817,3.1879875367774475,1.4958556424269178,1.948311313641728,1.884340113143625,1.3824431966953474,-1.0229814071974166,-1.2551670062998352,-0.8273026420701719,-0.8622735496057012,-1.0796221982344345,0.2257256020003639,1.7606464589813533,1.604328273293658,-1.188943165534098,-1.580081486019331,-1.5541201467439614,0.8159423570538124,0.2681377752739259,0.3754624317749446,2.5591827473901576,2.016576275833105,3.3681756815351083,1.82962818321611,-1.217070864243128,-2.380241260537515,0.5684792306031529,HFT_small_BTC,2549,-0.0002028537640164,23171.49543209133,-3.211142520942456e-05,0,default
2550,2550,2550,77550,23164.8,0.17992974,23164.7,1.20739191,23163.6,0.00717,23163.1,0.03884599,23162.5,0.00717,23164.9,5.127e-05,23165.9,0.0126657,23166.0,0.00717,23166.2,0.0003,23167.1,0.00717,-0.070546196984978,-0.1125800782779812,-0.8644386929800524,3.770730100188438,-0.7470557961228234,-0.663010061171968,-0.7809999613568603,-1.3685194448851985,1.7944871628116312,0.6498671502317477,-0.7218727800666895,0.4380493608297464,0.3535442122862831,0.1632512007499019,1.2042670820364425,-0.7229105516288492,-0.723361180373571,-0.7229313280555838,-0.7224597640886288,-0.722899740548753,-0.009216854801391,-0.2800557017080191,-0.0091532634296708,-0.2775753457794571,-0.0228543762226752,-0.1030992897248551,-0.146724758572024,-0.1126924907001257,-0.1650260102604531,-0.0162379740272818,-0.0319852834140999,2.31641196643382,3.366666600299163,-0.4606307041368667,2.275403532670528,2.6636663211190594,1.6507685386496036,1.560567248883936,2.06229617843496,1.1637168127761537,2.316411966435058,3.3666666002999075,-0.4606307041375083,3.0404206311467545,4.182385658203507,2.562023828442024,0.4650994248456347,0.6285973174274541,0.026091708151548,2.512929880377755,2.5456876755062723,1.4874065910964656,1.471898279551934,1.6535744558426415,1.373107388758861,-1.0086631970107096,-1.2491194284580749,-0.926924197094964,-0.8622735496057012,-1.0796221982344345,0.1789280893131845,1.4648613554889205,1.510881842510262,-1.188943165534098,-1.401323114890194,-1.499974236679356,0.7889457573049178,0.8982581240453359,0.3754624317749446,2.5591827473901576,2.016576275833105,3.3681756815351083,1.82962818321611,-0.7954356364612776,-2.380241260537515,0.5684792306031529,HFT_small_BTC,2550,4.316913234214681e-06,23170.78104205173,-3.083055393171552e-05,0,default
2551,2551,2551,77551,23165.9,0.38285264,23165.7,0.33660858,23165.5,0.70734193,23165.2,0.0003,23164.8,0.00717,23166.0,0.00051095,23167.1,0.00596698,23168.2,0.01195,23168.3,0.00717,23169.2,0.0003,-0.0707404217227691,-0.1126249074664633,-0.3812008921518435,0.5323956876076132,1.8046888318362635,-0.7957687925900657,-0.7809017662914445,-1.3082558263504664,0.5359521282982456,1.7181142053657066,0.6383407769653168,-0.7330979566562039,-1.0289920165313624,1.2959181396627335,1.2065068143920883,-0.7227399853010146,-0.7194381698318558,-0.7190083239380295,-0.7222891983530306,-0.7208359510856513,1.3896516813526367,0.8854413624820273,1.4072622485350863,0.897837911645276,2.4789443026256106,-0.1030992897248551,-0.146724758572024,-0.1126924907001257,-0.1650260102604531,1.3834259003025553,2.357575572130392,1.97220095688445,3.170047050937029,-0.5901052237255799,1.23185785988294,2.133209961399891,1.4380037904527272,1.322570108733297,1.910381101043188,1.0998295358493713,1.9722009568855168,3.170047050937585,-0.5901052237261624,1.6117642683022133,3.914780122700854,2.3826666567370185,-0.0688613076228513,0.3423189547063617,-0.1738438853707961,1.5569405076521403,2.132362757037649,1.2930985419551695,0.1931358510679393,1.331490613637638,1.1584060505469955,-0.6793443627117615,-1.1096590619550557,-0.8008358617253253,-0.8622735496057012,-1.0796221982344345,0.1321305766260055,1.1690762519964877,1.4174354117268668,-1.188943165534098,-1.222564743761057,-1.4458283266147511,0.7619491575560233,1.528378472816746,0.6695743896898453,2.735032602939576,2.016576275833105,3.085994973428307,1.82962818321611,-0.3738004086794267,-1.9336518161266616,0.7229288160678792,HFT_small_BTC,2551,4.748584058589245e-05,23170.09653639385,-2.954176022995636e-05,0,default
2552,2552,2552,77552,23168.2,1.25846459,23168.1,0.24142544,23167.3,0.01435799,23167.0,0.28827,23166.7,0.03884005,23168.3,0.00823821,23169.2,0.0003,23169.4,0.00717,23170.6,0.00717,23171.7,0.0109,-0.0580583961127045,-0.1123827848670751,1.0359824087595415,-0.023405136745937,-0.7323154448314552,-0.0200671477807227,-0.7078578781176278,-0.5516831339333803,-0.6627723825395364,0.382862698692184,0.3079223548923683,0.7213746285840751,-0.5681466069268777,1.5224515274452994,1.2058170022298884,-0.7208637556948773,-0.7175619473988573,-0.7171321045774557,-0.7204129752614936,-0.7178393373237983,1.3896516813549502,0.8854413624839549,1.4071949923402798,0.8977820990519007,2.4789443026256106,-0.1030992897248551,-0.146724758572024,-0.1126924907001257,-0.1650260102604531,1.38335943953211,2.357575572130392,0.8803937698230153,3.0799367048059887,-0.6520187327313984,0.7447477955643736,1.7854019694292524,1.3471345801678725,1.3180659700682011,1.6854257559823178,1.0283584960505827,0.8803937698240413,3.079936704807053,-0.6520187327321645,1.36229006256934,3.2409619919938315,2.296899728225139,-0.3241963551954094,0.2054233087916159,0.1305408427481244,1.2873057726600037,1.9106256531138344,1.2001822431449545,-0.0826321707240958,1.1007202133417218,1.0557378708985998,-0.3456199252778802,-1.0341790673786686,-0.7834361481486718,-0.5635732286805374,-1.0796221982344345,0.0853330639388263,0.8732911485040546,1.3239889809434713,-1.188943165534098,-0.8650480015027832,-1.3916824165501462,0.7349525578071288,2.158498821588156,0.963686347604746,2.910882458488994,1.4077219790499955,3.085994973428307,1.82962818321611,0.4694700468842731,-1.7103570939212345,0.8773784015326046,HFT_small_BTC,2552,9.928386119240074e-05,23169.44180465768,-2.8257617966542803e-05,0,default
2553,2553,2553,77553,23168.2,0.34877207,23167.1,0.01473798,23167.0,0.005,23166.8,0.03752267,23166.7,0.03884005,23168.3,0.00823821,23169.2,0.0003,23169.4,0.00717,23170.6,0.00717,23171.7,0.01148999,-0.101563476916677,-0.1123646573497264,1.3780627091647837,-0.5491965197219443,-0.7143261502414764,-0.3783291209190111,-0.4073477697757325,-0.5658141371714246,-0.663597421514229,0.3633348025119894,0.2892810838881366,0.7757329225508112,-0.5681466069268777,1.5224515274452994,1.0723317681735207,-0.7171112964825964,-0.7175619473988573,-0.7171321045774557,-0.7166605290784136,-0.7171005079125882,-0.009216854801391,-0.2800557017080191,-0.0091532634296708,-0.2775753457794571,-0.0228543762226752,-0.1030992897248551,-0.146724758572024,-0.1126924907001257,-0.1650260102604531,-0.0162379740272818,-0.0319852834140999,0.8953487486809296,2.695563515259711,-0.3929914144781335,0.5718301042042355,1.623106113367768,1.3586304550950434,1.2684653726765602,1.5138327009649375,0.9892705312271528,0.8953487486819219,2.695563515260308,-0.3929914144789988,1.36229006256934,3.066754016419037,2.296899728225139,-0.3241963551954094,0.2054233087916159,0.3392323555597883,1.2873057726600037,1.5983448929863149,1.2001822431449545,-0.0826321707240958,0.7895093354037256,1.0557378708985998,-0.3456199252778802,-1.01153840642723,-1.0114441203453202,-0.8622735496057012,-1.0796221982344345,0.0385355512516469,0.577506045011622,1.2305425501600755,-1.188943165534098,-0.8650480015027832,-1.3375365064855411,0.7079559580582341,1.528378472816746,0.963686347604746,2.735032602939576,1.4077219790499955,2.803814265321506,1.82962818321611,0.0478348191024231,-1.4870623717158078,0.7229288160678792,HFT_small_BTC,2553,0.0,23168.816493519185,-2.698861473493519e-05,0,default
2554,2554,2554,77554,23169.1,0.32806099,23168.6,0.97328239,23168.4,1.15,23168.2,0.063619,23167.5,0.01292798,23169.2,0.0018692,23169.4,0.00717,23170.6,0.00717,23171.7,0.00810999,23171.8,0.00717,-0.036670671694133,-0.1124531152960004,-0.8478705050910907,1.3390702166856063,1.6047792779519534,-0.6719409843680115,-0.7803794239600127,-1.174497631078166,0.5213061338876777,0.4655532127394983,0.539568259813439,0.2772569113977491,-0.4529352545268044,0.6163179763150345,1.220011380843202,-0.716940730154768,-0.717391381723133,-0.7169615391810427,-0.7166605290784136,-0.7170764459918887,-0.009216854801391,-0.2270785624273541,-0.0091532634296708,-0.22415531110324,-0.0228543762226752,-0.1030992897248551,-0.146724758572024,0.0873178816528798,8.66427832598162,0.0473737746317093,2.3575755721075824,1.1944431618866973,2.564701983902729,-0.2634766373266872,0.3124522112899246,1.4539186909722694,1.3562920878722895,1.0158244962176528,1.3245435928866107,0.9645730238925396,1.1944431618878382,2.564701983903391,-0.2634766373275039,1.339611764002099,2.915758632187321,2.289103138568787,-0.3474074299689303,0.1929788946631808,0.4174930240092981,0.596283158615803,1.442196719136238,1.19173574439772,-0.1077006923983635,0.6285371262969801,1.0464048834481048,-0.3264066004974281,-0.9965380201947878,-1.129430909215044,-0.8622735496057012,-1.0796221982344345,-0.008261961435532,0.2817209415191892,1.1370961193766802,1.3386874382544731,-0.6862896303736462,-1.2833905964209364,-0.7768570281309664,1.528378472816746,1.257798305519647,2.735032602939576,1.4077219790499955,2.5216335572147046,1.82962818321611,0.0478348191024231,-1.0404729273049538,0.7229288160678792,HFT_small_BTC,2554,3.884634973783108e-05,23168.220058536717,-2.5743006020095827e-05,0,default
2555,2555,2555,77555,23168.2,0.11717337,23167.2,0.01595798,23167.1,0.00717,23166.5,0.01028918,23166.0,0.00717,23168.3,0.167509,23169.0,0.0284789,23169.2,0.20093762,23169.4,0.00717,23170.5,0.01199,-0.1105079614744518,-0.1006363444281196,1.2377017306871785,-0.1841704633042749,-0.5355163260316996,-0.4732154772558085,-0.5973193620409368,-0.0160794853175489,-0.3404569101269508,1.833317014553258,-0.689818271403648,-0.6525351418111291,0.2383328598862102,0.163251200754023,-0.5517816160274002,-0.715576199532122,-0.7160268563173199,-0.7155970160097201,-0.7151254374580669,-0.7155654169206666,-0.009216854801391,-0.2800557017080191,-0.0091532634296708,-0.2775753457794571,-0.0228543762226752,-0.1030992897248551,-0.146724758572024,-0.1126924907001257,-0.1650260102604531,-0.0162379740272818,-0.0319852834140999,1.074766668459559,2.40105661073245,0.0574884720357714,-0.125599770448462,1.1912543903383406,1.274444320918343,0.6129490477995182,1.1000953813599066,0.9690863496139936,1.0747666684610793,2.40105661073297,0.0574884720350229,0.7048006262096187,2.009791242854857,2.2267328441754515,-0.5330888151186531,0.0934274488429875,0.3479426973396755,0.1012862080029733,1.3036281242484051,1.1241663792433938,-0.3082410755254848,0.3602537857605502,0.9717438841488896,-0.1652465572937814,-0.8906015078469494,-1.077205284903184,-0.8622735496057012,-1.0796221982344345,-0.0550594741227112,-0.0140641619732436,1.0436496885932849,1.2918794641102405,-0.5075312592445091,-1.2292446863563316,-0.7768570281309664,2.158498821588156,1.5519102634345483,2.735032602939576,1.4077219790499955,2.2394528491079035,1.82962818321611,0.4694700468842731,-0.5938834828941005,0.7229288160678792,HFT_small_BTC,2555,-3.884484075766803e-05,23167.65181765058,-2.45267389854531e-05,0,default
2556,2556,2556,77556,23169.1,0.1549315,23168.7,0.201,23168.2,0.76678373,23167.9,0.01264348,23167.2,0.01286799,23169.2,0.050718,23169.4,0.00717,23170.5,0.01005999,23170.6,0.00717,23171.7,0.00991999,-0.079651703439046,-0.1108078219525037,-0.830332254053614,0.2123797225714828,2.717449731763117,-0.7421738094596165,-0.7527274098242748,0.6381288567407308,-0.2545771063568487,-0.1207082781088872,-0.3466405271819541,-0.2418847312925349,-0.1073011973223935,0.5030512824258117,1.0791931144685432,-0.716940730154768,-0.717391381723133,-0.7169615391810427,-0.7164899633428216,-0.7169299422468212,-0.009216854801391,-0.2800557017080191,-0.0091532634296708,-0.2775753457794571,-0.0228543762226752,-0.1030992897248551,-0.146724758572024,-0.1126924907001257,-0.1650260102604531,-0.0162379740272818,-0.0319852834140999,0.8953448757217337,1.894096334947249,0.4460299111252228,-0.0679650677153351,1.195230049090807,1.341130926958254,0.258156669150057,1.003265577592655,0.9948506558417632,0.8953448757230453,1.894096334947965,0.4460299111245027,0.2287635058087121,1.5801699175302295,2.289103138568787,-0.3474074299689303,0.1929788946631808,0.4174930240092981,-0.0359227304843728,1.3993842190695367,1.19173574439772,-0.1077006923983635,0.3817157712089196,0.9698971720314132,-0.3140432436819543,-0.9035435517809904,-1.129430909215044,-0.8622735496057012,-1.0796221982344345,-0.1018569868098905,-0.3098492654656764,0.950203257809889,1.2450714899660078,-0.3287728881153721,-1.1750987762917264,-0.7768570281309664,2.158498821588156,1.5519102634345483,2.5591827473901576,1.4077219790499955,2.2394528491079035,1.997907796327096,0.4694700468842731,-0.5938834828941005,0.4140296451384264,HFT_small_BTC,2556,3.884634973783108e-05,23167.11100463614,-2.3343453997792807e-05,0,default
2557,2557,2557,77557,23174.0,0.92856686,23173.7,0.09707044,23173.5,0.0136141,23172.8,0.37752187,23172.1,0.1,23174.1,0.00805212,23175.2,0.00747,23176.4,0.00717,23176.8,0.04316,23176.9,0.12948,-0.0681702733746716,-0.1074190205553349,0.79357172363476,-0.3835483793738801,-0.7261571054962779,0.4381042555137571,-0.504366244371725,-1.2357132859319562,-0.5038905656015228,-0.5579678352919025,0.3523777086820316,2.3117457337646354,-0.1073011973182016,0.8428513641017213,0.9669978554780416,-0.7154056332042874,-0.7095453606396965,-0.7091155309459276,-0.7149548717224686,-0.7141020701500099,2.343425683279413,1.6800984517054922,2.372557990865939,1.6988891591690072,2.478944302626072,-0.1030992897248551,-0.146724758572024,-0.1126924907001257,-0.1650260102604531,2.337305300218725,2.357575572130832,-0.2262291674026017,1.0760702765343448,0.271414004089155,-1.3501646720757,0.4515329473907402,0.8729601183531364,0.3918414042058103,0.9416044340387504,1.004881854298346,-0.2262291674013901,1.0760702765346983,0.2714140040884009,-0.47401804529425,1.0456093657345715,1.9305327554899143,-1.4149003134184983,-0.3793480505741198,0.0176442254797725,-1.1629412761006814,0.7997782558458212,0.8032756067094927,-1.2606188035006884,-0.2352151266389963,0.5313536555783763,1.2106593819610374,-0.369339606452303,-0.8291335694214325,1.8260293387207736,-0.9860189107849175,-0.1486544994970699,-0.6056343689581092,0.8567568270264935,1.198263515821775,1.458810823175998,-1.0668069561625164,-0.7768570281309664,2.7886191703595657,1.8460222213494488,2.5591827473901576,0.7988676822668856,1.9572721410011027,1.997907796327096,1.312740502447974,-0.1472940384832465,0.4140296451384264,HFT_small_BTC,2557,0.0002114885774588,23166.596820643423,-2.219456679819487e-05,0,default
2558,2558,2558,77558,23174.0,0.00633709,23171.9,0.01403798,23171.8,0.00717,23171.7,0.01003783,23171.2,0.0003,23174.1,1.65926533,23174.6,0.04314442,23174.8,1.12484838,23175.1,0.65809462,23175.2,0.00747,-0.1142425414086185,-0.0061032040115469,-0.720261658149387,1.261502391841811,0.2162119110796876,0.5178453116134518,-0.7676487838672778,0.2285046962857038,-0.6439905993061572,0.9711681622255866,0.1858943844305311,-0.7772556865355924,0.9296009742950324,-1.0826824320439108,-1.2084889525825204,-0.7090946790745432,-0.7095453606396965,-0.7091155309459276,-0.7086439395054712,-0.7090839216214214,-0.009216854801391,-0.2800557017080191,-0.0091532634296708,-0.2775753457794571,-0.0228543762226752,-0.1030992897248551,-0.146724758572024,-0.1126924907001257,-0.1650260102604531,-0.0162379740272818,-0.0319852834140999,-0.3458447325389978,1.1414822305386103,0.1982254788762076,-1.2838930012081686,0.3826941249089368,0.8669634870671945,0.5459261165804402,0.8564791183376738,1.013195964418048,-0.3458447325378553,1.1414822305392094,0.1982254788754132,-0.47401804529425,1.0456093657345715,1.9305327554899143,-1.4149003134184983,-0.3793480505741198,0.0176442254797725,-1.0502447722178256,0.6839556636772933,0.8032756067094927,-1.2606188035006884,-0.2352151266389963,0.5015029144878324,1.2106593819610374,-0.369339606452303,-0.8291335694214325,1.5273290177956096,-1.0796221982344345,-0.1954520121842489,-0.901419472450542,0.763310396243098,1.1514555416775425,1.458810823175998,-1.0668069561625164,-0.7768570281309664,2.7886191703595657,1.5519102634345483,2.5591827473901576,0.190013385483776,1.9572721410011027,1.82962818321611,1.7343757302298242,-0.3705887606886738,0.5684792306031529,HFT_small_BTC,2558,0.0,23166.10848199283,-2.1079429765924477e-05,0,default
2559,2559,2559,77559,23174.0,0.00633709,23171.9,0.01403798,23171.8,0.00717,23171.7,0.01003783,23171.2,0.0003,23174.1,3.8534332,23174.3,0.10854628,23174.5,1.2825374,23175.2,0.57365317,23175.3,0.005,-0.1142425414086185,0.0654970114317071,-0.720261658149387,1.261502391841811,0.2162119110796876,0.5178453116134518,-0.7676487838672778,0.8586105223221846,-0.60996375796365,0.4256290704102175,-0.2740133746986843,-0.783239989157905,0.9296009742950324,-0.969415738154688,-1.2190933253127023,-0.7090946790745432,-0.7095453606396965,-0.7091155309459276,-0.7086439395054712,-0.7090839216214214,-0.009216854801391,-0.2800557017080191,-0.0091532634296708,-0.2775753457794571,-0.0228543762226752,-0.1030992897248551,-0.146724758572024,-0.1126924907001257,-0.1650260102604531,-0.0162379740272818,-0.0319852834140999,-1.2280095254168897,1.1496587247890382,0.1982254788762076,-1.047620087685412,0.3133635965517592,0.8609668557812528,0.5368231151947358,0.7547769038623707,1.0214040114376373,-1.22800952541575,1.1496587247896246,0.1982254788754132,-0.47401804529425,0.6043720055741659,1.9305327554899143,-1.3916903399118865,-0.3793480505741198,0.0176442254797725,-0.3054678769985738,0.6562589568540466,0.8032756067094927,-0.9247446797934772,-0.2352151266389963,0.4119506912186003,1.2106593819610303,-0.3293452128339463,-0.8291335694214325,1.2286286968704456,-1.0796221982344345,-0.2422495248714281,-0.901419472450542,0.6698639654597025,1.1046475675333094,1.2800524520468608,-1.0126610460979115,-0.7768570281309664,2.7886191703595657,1.257798305519647,2.5591827473901576,-0.4188409112993337,1.9572721410011027,1.82962818321611,2.156010958011675,-0.5938834828941005,0.5684792306031529,HFT_small_BTC,2559,0.0,23165.64526254812,-1.9995565723629483e-05,0,default
2560,2560,2560,77560,23170.6,0.00717,23169.5,0.01001659,23169.4,0.00717,23169.1,0.01081,23168.3,0.00717,23170.7,3.74259172,23171.2,0.01,23171.3,3.35852281,23171.9,0.82240331,23172.0,1.17416902,-0.1141037944104755,0.1664142057155761,-0.7131979495061778,0.5426172650083697,0.1121420003559612,0.4700398480676561,-0.0349549508434017,0.0120811386769008,-0.704891226542351,1.2214947538762475,-0.3160361154504958,-0.1845349651760966,0.3535442122862831,-0.8561490442654652,-1.223658561633807,-0.7072184494684057,-0.7076691382067042,-0.7120151426849918,-0.7115435570105788,-0.7102281827982058,-1.7895949917265916,1.203304198171799,-1.811156023983108,1.2178177198700373,-2.524653055071205,-0.1030992897248551,-0.146724758572024,-0.1126924907001257,-0.1650260102604531,-1.7969288405729753,-2.421546138958824,-0.9589447104826028,0.9780243316496984,0.2263918465995037,-0.3734051413638285,0.5051661531813534,1.024117327672235,0.3313162429975168,0.7092654591431605,1.032726807714487,-0.9589447104820576,0.978024331650398,0.2263918465987674,-0.0886699452377478,0.720583365154768,2.063031312081584,-0.4633612162679703,-0.1678623905167023,0.1653959393976284,0.1110497589464831,0.8703694814922516,0.946818994468388,-0.443547372816733,-0.0072474602087157,0.5705443879394442,0.5189796898547593,-0.4094413008906905,-0.9401130210842836,1.8260293387207736,-0.7988123358858842,-0.2890470375586075,-0.901419472450542,0.5764175346763071,1.0578395933890767,1.637569194305135,-0.7960774058394918,-0.7768570281309664,2.158498821588156,1.257798305519647,2.5591827473901576,0.190013385483776,1.9572721410011027,1.82962818321611,1.312740502447974,-0.5938834828941005,0.5684792306031529,HFT_small_BTC,2560,-0.0001467161474066,23165.206529293555,-1.893896110338744e-05,0,default
2561,2561,2561,77561,23165.2,0.00067344,23164.8,0.00717,23163.6,0.00717,23162.6,0.00935659,23162.5,0.00717,23165.3,4.26582763,23166.0,0.02008,23166.1,3.23534195,23166.7,0.01005785,23167.1,0.19827,-0.114440142537595,0.1240716192296991,-1.2167855704012271,0.4929058401949533,0.4151622945641705,0.6750640821961205,0.2281588275029058,0.4878275097315918,-0.6967751366239019,1.4884247961849348,-0.771315571070187,-0.6673336252705019,0.8143896218949597,-0.2898155748111099,-1.2250582558616447,-0.7130177046146586,-0.7134683711814178,-0.7208845432985971,-0.7204129752614936,-0.7166922381630457,-2.9341237940354845,2.156892705237258,-2.97002077712833,2.179502326472276,-2.524653055071555,-0.1030992897248551,-0.146724758572024,-0.1126924907001257,-0.1650260102604531,-2.942087952789681,-2.421546138959158,0.1625704071453896,1.3299385638141303,0.5192849607976454,1.0935691422093408,1.1923978799750552,1.528715007586763,0.4092811479625393,0.715530825448882,1.065807296836444,0.1625704071465817,1.3299385638148418,0.5192849607968223,1.0903929699005128,1.3248562443117988,2.468441730255912,0.4883175141487639,0.4792276011566603,0.6174769708154235,1.3854831815372974,1.4650436847736352,1.386023664725747,0.8600641629295261,0.6875899894803833,1.0278056041494674,-1.0372996173846445,-1.0805354028459948,-1.279579579111731,1.5273290177956096,-0.892415623335401,-0.3358445502457865,-0.901419472450542,0.4829711038929115,1.0110316192448436,1.458810823175998,-0.7960774058394918,-0.7768570281309664,1.528378472816746,1.257798305519647,2.5591827473901576,0.7988676822668856,1.9572721410011027,1.997907796327096,0.4694700468842735,-0.5938834828941005,0.4140296451384264,HFT_small_BTC,2561,-0.0002330539563065,23164.791770208594,-1.790439832405344e-05,0,default
2562,2562,2562,77562,23162.5,0.00768103,23162.2,0.0003,23161.3,0.0085324,23160.2,0.00717,23159.3,0.03885245,23162.6,0.20931081,23163.4,1.25387484,23163.6,0.19827,23163.7,1.41499385,23164.5,0.01187,-0.1134745205157679,-0.0185316175134728,-0.8715200018766793,-0.7012245732643582,-0.0599121242471088,-0.2279483480855076,2.01613091319886,-1.1460962452083636,1.4861869596552704,-0.4106310572775447,1.565919064226979,-0.7692853455009974,1.3904463839037091,-0.1765488809177665,-1.1858245471007218,-0.7222282863175232,-0.7226789176706613,-0.7249781128125706,-0.7245065529157639,-0.7238991086182853,-1.0265757901888724,0.5675785267961105,-1.0392602952375891,0.5772595889734989,-2.5246530550705346,-0.1030992897248551,-0.146724758572024,-0.1126924907001257,-0.1650260102604531,-1.0341621544217097,-2.4215461389581834,0.6861156587387347,1.5263913433524168,0.6601428981916524,1.6528941876475811,1.454706169790098,1.749171840177971,0.7167683095498419,0.7410690002937446,1.1103313454103647,0.6861156587402034,1.5263913433528953,0.6601428981913046,1.6347544007513957,1.60384292508848,2.655615622747951,0.4883175141487639,0.6410454923344061,0.7305289420819098,1.973876211746692,1.742311408290513,1.588800021837273,1.3515971280190495,0.9988943618741172,1.1361217948657851,-1.0372996173846445,-1.261214584141816,-1.3709744216576645,1.2286286968704456,-0.9860189107849175,-0.3826420629329657,1.7606464589813533,1.604328273293658,1.572727308975637,-0.3287728881153721,-1.499974236679356,-1.1278128248665955,0.8982581240453359,1.257798305519647,2.383332891840739,1.4077219790499955,2.2394528491079035,2.1661874094380824,-0.3738004086794272,-0.8171782050995271,0.1051304742089746,HFT_small_BTC,2562,-0.0001165541415572,23164.400614095004,-1.6885803139077282e-05,0,default
2563,2563,2563,77563,23162.5,0.50625693,23162.2,0.0003,23161.4,0.01264348,23161.3,0.0085324,23160.3,0.01167659,23162.6,8.68e-06,23164.3,0.00978999,23164.4,0.0026127,23164.8,0.00717,23166.0,0.00717,-0.0986183519468078,-0.1125986854145537,1.9039454620166207,-0.723982578602004,-0.6505561630696043,-0.7183251497407072,-0.7053442670853514,-1.3737496677901675,1.2695001829649892,-0.2312858873495071,0.5931566181913501,0.465787897310203,0.2383328598862102,1.5224515274452994,1.133141619606429,-0.7266630108411302,-0.7271136252395618,-0.7266837667767253,-0.7262122102717089,-0.7266521851956826,-0.009216854801391,-0.2800557017080191,-0.0091532634296708,-0.2775753457794571,-0.0228543762226752,-0.1030992897248551,-0.146724758572024,-0.1126924907001257,-0.1650260102604531,-0.0162379740272818,-0.0319852834140999,0.8357313097158083,1.624618943955468,0.8742024132252564,1.7798025855044814,1.504453472221907,1.823238865340734,1.018998692042464,0.760046335168808,1.1621662646245563,0.8357313097170971,1.6246189439559235,0.874202413224784,1.861604957739556,1.6736377470984658,2.7336161925143947,0.4883175141487639,0.6410454923344061,0.7305289420819098,2.2190759615201405,1.865833424592129,1.6733025728042277,1.0406950613888282,1.103577547396146,1.2033470937123418,-1.0372996173846445,-1.261214584141816,-1.3709744216576645,0.9299283759452818,-1.0796221982344345,-0.429439575620145,1.7606464589813533,1.604328273293658,1.572727308975637,-0.5075312592445091,-1.5541201467439614,-1.1548094246154903,0.8982581240453359,0.963686347604746,2.20748303629132,2.016576275833105,2.5216335572147046,2.334467022549069,-0.7954356364612776,-1.2637676495103811,-0.2037686967204771,HFT_small_BTC,2563,0.0,23164.032842538312,-1.587658419566207e-05,0,default
2564,2564,2564,77564,23162.8,0.01363592,23162.5,0.00717,23162.2,0.0003,23161.3,0.0085324,23160.2,0.00717,23162.9,0.21479228,23164.1,0.05358318,23164.2,0.19827,23164.3,0.14804214,23164.8,0.00717,-0.1142760180873421,-0.0943139712521528,-0.0289533078644042,0.3183082522263313,-0.7304712285495361,0.3533033779279788,0.0804869689666506,-0.209064718714194,-0.2445605038378231,0.953962502583776,0.4398938926780188,-0.7333502566488587,0.6991782694906944,-0.1765488809218876,-1.0962482142693666,-0.7239339495958321,-0.7243845744279293,-0.7239547204340742,-0.7234831585021932,-0.7239231345433673,-0.009216854801391,-0.2800557017080191,-0.0091532634296708,-0.2775753457794571,-0.0228543762226752,-0.1030992897248551,-0.146724758572024,-0.1126924907001257,-0.1650260102604531,-0.0162379740272818,-0.0319852834140999,0.6113100300002161,1.4609152017226668,0.800925709498534,1.2003052394616305,1.180193490675324,1.639313537397903,1.142901036704633,0.7417873724988312,1.2031778443243848,0.6113100300012243,1.4609152017233176,0.8009257094977695,1.4986534679855938,1.3598527772992752,2.6088185134859083,0.1168184629724977,0.4418695348973906,0.5913772422713448,1.826766523760124,1.664173192699426,1.5381019933183069,0.2783752128160219,0.7412800712099452,0.981194159188688,-0.7217965999322185,-1.055783016836888,-1.2713365946292805,0.631228055020118,-1.0796221982344345,-0.4762370883073241,1.4648613554889205,1.510881842510262,1.5259193348314048,-0.5075312592445091,-1.499974236679356,-1.1548094246154903,0.8982581240453359,1.257798305519647,2.20748303629132,2.016576275833105,2.2394528491079035,2.334467022549069,-0.7954356364612776,-0.8171782050995271,-0.2037686967204771,HFT_small_BTC,2564,1.2951969778685068e-05,23163.688394554687,-1.486994885413484e-05,0,default
2565,2565,2565,77565,23162.8,0.01366576,23162.5,0.00717,23162.2,0.0003,23161.3,0.0085324,23160.3,0.00905659,23162.9,0.19228228,23164.1,0.01042,23164.3,0.14804214,23164.8,0.00717,23165.8,0.05016,-0.1142163150299557,-0.1008824864885487,-0.0887108328496144,0.2665791422115433,-0.7325794912779542,0.2963861556243835,0.257844054548031,0.2154908670450231,-0.5726574252754755,1.1894760369625046,-0.6880876803014647,-0.212594582874841,0.5839669170906211,0.9561180579868236,-1.0197159272842704,-0.7239339495958321,-0.7243845744279293,-0.7239547204340742,-0.7234831585021932,-0.7239231345433673,-0.009216854801391,-0.2800557017080191,-0.0091532634296708,-0.2775753457794571,-0.0228543762226752,-0.1030992897248551,-0.146724758572024,-0.1126924907001257,-0.1650260102604531,-0.0162379740272818,-0.0319852834140999,0.7309705202971971,1.3709399848021406,1.0036777464037958,1.0590647396198252,1.0975558783515098,1.609485755559947,1.2317254061816052,0.7238021717438612,1.2426294240211797,0.7309705202982426,1.3709399848024884,1.00367774640319,1.4986534679855938,1.3598527772992752,2.6088185134859083,0.1168184629724977,0.4418695348973906,0.5913772422713448,1.826766523760124,1.2611606961193529,1.5381019933183069,0.2783752128160219,0.5910143935980295,0.8542808614116386,-0.7217965999322185,-1.054724091232239,-1.2713365946292805,0.3325277340949542,-0.7988123358858842,-0.5230346009945034,1.1690762519964877,1.4174354117268668,1.4791113606871718,-0.5075312592445091,-1.2833905964209364,-1.1548094246154903,0.2681377752739259,1.257798305519647,2.031633180741902,2.016576275833105,1.9572721410011027,2.334467022549069,-1.217070864243128,-0.5938834828941005,-0.3582182821852036,HFT_small_BTC,2565,0.0,23163.36736463711,-1.3859188230713748e-05,0,default
2566,2566,2566,77566,23162.8,0.08572576,23162.5,0.00717,23162.2,0.03914755,23161.3,0.0085324,23160.3,0.00905659,23162.9,0.03412229,23164.2,0.00876,23164.3,0.14804214,23164.8,0.00717,23166.0,0.00717,-0.1107611824019784,-0.1071138490747367,0.6598895127630441,-0.4698378514915101,0.5944183768733431,-0.5138889433819527,-0.5288916395009873,-0.8137795320536675,-0.4798962988173744,3.110384623777716,-0.5992779477968326,-0.6239497833854346,0.5839669170906211,1.1826514457693895,-0.1871108987449033,-0.7239339495958321,-0.7243845744279293,-0.7239547204340742,-0.7234831585021932,-0.7239231345433673,-0.009216854801391,-0.2800557017080191,-0.0091532634296708,-0.2775753457794571,-0.0228543762226752,-0.1030992897248551,-0.146724758572024,-0.1126924907001257,-0.1650260102604531,-0.0162379740272818,-0.0319852834140999,0.6113100300002161,1.3709399848021406,1.0036777464037958,0.9408839132191594,1.0149182660269365,1.5796579737219916,1.3006956880766103,0.6901013559162062,1.279827265003626,0.6113100300012243,1.3709399848024884,1.00367774640319,1.4986534679855938,1.3598527772992752,2.6088185134859083,0.1168184629724977,0.4418695348973906,0.5913772422713448,1.826766523760124,1.1604075719744966,1.5381019933183069,0.2783752128160219,0.4595319256869131,0.7945569565756625,-0.7217965999322185,-1.054724091232239,-1.2713365946292805,0.0338274131697902,-0.892415623335401,-0.5698321136816827,0.8732911485040546,1.3239889809434713,1.4323033865429389,-0.5075312592445091,-1.2833905964209364,-1.1548094246154903,0.2681377752739259,1.257798305519647,2.031633180741902,1.4077219790499955,1.9572721410011027,2.334467022549069,-0.7954356364612776,-0.5938834828941005,-0.3582182821852036,HFT_small_BTC,2566,0.0,23163.0699949148,-1.2837931447018391e-05,0,default
2567,2567,2567,77567,23164.2,0.02156934,23163.2,0.01202459,23163.1,0.201,23162.5,0.00717,23162.3,0.09711822,23164.3,0.08395712,23164.8,0.00717,23165.9,0.00897999,23166.0,0.00717,23166.2,0.0003,-0.1048654311066446,-0.1101153043333902,-1.0728713997918016,-0.5365616747509856,2.327147599750699,-0.6918318761407792,0.4970855217265666,1.25922067711963,-0.3501699704334206,-0.3073362870836085,-0.4370114314681835,-0.7742167386565859,-0.1073011973182016,-0.1765488809177665,0.6516368120492867,-0.7239339495958321,-0.724214008752205,-0.7237841550376611,-0.7257005130649204,-0.7245235892441658,0.0543680786593145,0.4616242482309261,0.0552312054189646,0.4704375124962928,0.1558455294069768,-0.1030992897248551,-0.146724758572024,2.4879025666755963,8.033613730620079,0.8744841346858858,2.357575572129771,1.2843947347635245,1.3627545226766664,1.0036733943269782,0.6641649574364772,0.9180118526005788,1.539825388531773,1.1385349924471069,0.6385727566579827,1.3143552173360014,1.2843947347647102,1.3627545226771325,1.0036733943263472,1.4759706646617925,1.2785336101980995,2.601019230968556,0.0936014762654777,0.4294219511376704,0.5826808992940695,1.4689356193836984,0.9463015288160476,1.529652577238584,0.2533008038579569,0.4246486366136522,0.7833571210551071,-0.7020776613417556,-1.0418184354255955,-1.2651092304401057,-0.2648729077553735,-0.9860189107849175,-0.6166296263688616,0.577506045011622,1.2305425501600755,1.385495412398706,-0.5075312592445091,-1.2833905964209364,-1.1548094246154903,0.2681377752739259,1.5519102634345483,2.031633180741902,1.4077219790499955,1.9572721410011027,2.334467022549069,-0.7954356364612776,-0.3705887606886738,-0.3582182821852036,HFT_small_BTC,2567,6.044174279451475e-05,23162.79666206579,-1.1800372276660198e-05,0,default
2568,2568,2568,77568,23164.2,0.00156934,23162.6,0.0141846,23162.5,0.00717,23162.2,0.03914755,23161.3,0.0085324,23164.3,1.12996861,23164.8,0.00717,23165.7,0.01148999,23165.8,1.093312,23166.0,0.00717,-0.11322317563804,-0.0443164170761373,-1.21380677115241,0.3511005457411452,-0.2422664866906731,1.9541903631991595,-0.2551117150994217,0.3208374519575954,-0.6935818533107377,-0.7273021952942139,1.7088139175192782,-0.772350293855978,1.0448123266992972,-0.4030822687003327,-1.1595024278265873,-0.7237633832680037,-0.724214008752205,-0.7237841550376611,-0.7233125927666013,-0.7237525688776003,-0.009216854801391,-0.2800557017080191,-0.0091532634296708,-0.2775753457794571,-0.0228543762226752,-0.1030992897248551,-0.146724758572024,-0.1126924907001257,-0.1650260102604531,-0.0162379740272818,-0.0319852834140999,1.2843947347635245,1.3136773434956288,1.0036733943269782,0.4162745380589888,0.8388178160044079,1.509997735459646,0.8545616904975173,0.580166004168004,1.3468608468237184,1.2843947347647102,1.313677343495959,1.0036733943263472,1.4759706646617925,1.2669177898196202,2.601019230968556,0.0936014762654777,0.4294219511376704,0.5826808992940695,0.3660605180407776,0.8858499152998979,1.529652577238584,0.2533008038579569,0.3817157712089196,0.775891665178461,-0.7020776613417556,-1.0418184354255955,-1.2651092304401057,-0.5635732286805374,-1.0796221982344345,-0.663427139056041,0.2817209415191892,1.1370961193766802,1.3386874382544731,-0.5075312592445091,-1.2833905964209364,-1.1548094246154903,0.2681377752739259,1.5519102634345483,2.031633180741902,1.4077219790499955,1.6750914328943007,2.334467022549069,-0.7954356364612776,-0.1472940384832465,-0.3582182821852036,HFT_small_BTC,2568,0.0,23162.547859548067,-1.0741471392794466e-05,0,default
2569,2569,2569,77569,23161.3,0.00987974,23160.2,0.00717,23159.6,0.04317,23159.5,0.13556112,23159.2,0.0003,23161.4,5.20961506,23161.6,0.37,23162.1,0.01,23162.2,2.79761241,23162.5,0.19827,-0.1093141579642503,0.1503698706818318,-1.1179968938280664,-0.5307478185157665,0.3777068497154264,2.6333511823465208,-0.7966462949289005,0.6731510730838458,-0.4776274922566472,-0.7484377626552187,0.8889956072851164,-0.6792889541709417,0.123121507481945,-1.0826824320480315,-1.1796564269403862,-0.7239339495958321,-0.7243845744279293,-0.7273660283623834,-0.7268944732140832,-0.7265292442249327,-1.2809155240340078,0.7794870839206975,-1.2968426404211186,0.7910144517589947,-2.524653055070848,-0.1030992897248551,-0.146724758572024,-0.1126924907001257,-0.1650260102604531,-1.2886981293337911,-2.4215461389584827,1.598647270723903,1.4774021697817317,1.234696776564638,0.7132313635211394,1.0597720489256786,1.6834510341503557,0.4252239637015849,0.5295481011005667,1.3846734712681898,1.5986472707250745,1.477402169782064,1.2346967765639911,1.5668528326684628,1.5110406375303598,2.764818306265945,0.4883175141487639,0.6410454923344061,0.7305289420819098,0.2925897292398698,1.1378677458955115,1.70710563623603,0.6093865361778923,0.6608046976348978,0.9513787810613868,-1.0372996173846445,-1.261214584141816,-1.3709744216576645,-0.8622735496057012,-1.0796221982344345,-0.7102246517432204,1.7606464589813533,1.604328273293658,1.572727308975637,-1.580081486019331,-1.5541201467439614,-1.3167890231088577,0.2681377752739259,1.5519102634345483,1.855783325192484,2.016576275833105,1.6750914328943007,2.502746635660055,-1.217070864243128,-0.1472940384832465,-0.6671174531146553,HFT_small_BTC,2569,-0.000125193186037,23162.324175676837,-9.6571358466635e-06,0,default
2570,2570,2570,77570,23161.3,0.00902353,23160.2,0.00717,23159.2,0.0003,23159.0,0.00717,23158.0,0.01102,23161.4,2.41643826,23161.8,0.58702787,23161.9,0.0011048,23162.0,0.04316071,23162.1,0.61765541,-0.1143422122396482,-0.0008011440748953,-0.4042150401872582,0.3823441333708846,-0.7278613931694206,0.2288690015900457,0.6384431861259822,0.8502307906211951,0.1558115487292361,-0.7530644188640041,-0.7177337413543093,0.0005511711438613,1.505657736303782,-1.535749207613164,-1.2118591553781508,-0.7288803731029305,-0.729330979024009,-0.728901116930125,-0.7284295648344361,-0.7288695388506847,-0.009216854801391,-0.2800557017080191,-0.0091532634296708,-0.2775753457794571,-0.0228543762226752,-0.1030992897248551,-0.146724758572024,-0.1126924907001257,-0.1650260102604531,-0.0162379740272818,-0.0319852834140999,1.4790339937566608,1.5510850079116412,1.234744927250948,0.687313762690834,1.099169509484177,1.736846685789263,-0.1191773491557203,0.4681712580388752,1.4250093942870043,1.4790339937583217,1.5510850079123706,1.2347449272503646,0.5918114941768551,1.6156782667012242,2.835027002668292,0.4883175141487639,0.6410454923344061,0.7305289420819098,0.4298774248635657,1.1278495113497904,1.7831667978883448,0.6144137867072856,0.7708452599604401,0.932733684991612,-1.0372996173846445,-1.261214584141816,-1.3709744216576645,-0.8622735496057012,-1.0796221982344345,-0.7570221644303994,1.7606464589813533,1.604328273293658,1.572727308975637,-1.580081486019331,-1.5541201467439614,-1.3437856228577525,0.2681377752739259,1.5519102634345483,1.855783325192484,2.016576275833105,1.9572721410011027,2.502746635660055,-1.217070864243128,-0.3705887606886738,-0.6671174531146553,HFT_small_BTC,2570,0.0,23162.12626808443,-8.544375378782831e-06,0,default
2571,2571,2571,77571,23161.3,0.00902353,23160.3,0.01159999,23160.2,0.00717,23159.2,0.0003,23159.0,0.00717,23161.4,4.61732919,23161.9,0.0011048,23162.0,0.5206682,23162.1,0.01,23162.2,2.31687505,-0.114324143655743,0.1159724700621554,-0.4187745340080236,1.038214885708477,0.2896961022111755,-0.7545971136835136,0.119216012266781,0.71249466419246,-0.7100319425053069,-0.3809484113430767,-0.7711201852461064,0.6635489394244407,0.3535442122862831,-1.4224825137198205,-1.2234743993108783,-0.7288803731029305,-0.729330979024009,-0.728901116930125,-0.7284295648344361,-0.7288695388506847,-0.009216854801391,-0.2800557017080191,-0.0091532634296708,-0.2775753457794571,-0.0228543762226752,-0.1030992897248551,-0.146724758572024,-0.1126924907001257,-0.1650260102604531,-0.0162379740272818,-0.0319852834140999,0.7011434202264921,1.5510850079116412,1.234744927250948,0.5518212184667681,1.0056986031491637,1.7001822520523362,-0.155470578026105,0.3793143679825051,1.4624045084521682,0.7011434202275992,1.5510850079123706,1.2347449272503646,0.2062986820277815,1.1509852693639346,2.835027002668292,0.4883175141487639,0.6410454923344061,0.7305289420819098,0.4102682168141944,1.0976197895515474,1.7831667978883448,0.4890248533587963,0.7708452599604401,0.8282037650945494,-1.0372996173846445,-1.261214584141816,-1.3709744216576645,-0.8622735496057012,-1.0796221982344345,-0.8038196771175786,1.4648613554889205,1.510881842510262,1.5259193348314048,-1.401323114890194,-1.499974236679356,-1.3437856228577525,0.2681377752739259,1.5519102634345483,1.855783325192484,1.4077219790499955,1.9572721410011027,2.502746635660055,-0.7954356364612776,-0.3705887606886738,-0.6671174531146553,HFT_small_BTC,2571,0.0,23161.954835138607,-7.401433868348128e-06,0,default
2572,2572,2572,77572,23161.3,0.00882786,23160.3,0.00957,23160.2,0.00717,23159.2,0.0003,23159.0,0.00717,23161.4,1.46102232,23161.9,0.0011048,23162.2,1.17024747,23162.3,1.80134496,23162.4,0.005,-0.1143934802381919,0.0229595947683107,-0.3802724073389198,0.8274142105198253,0.3612915715872816,-0.7517535912841313,0.181382655293934,-0.263911323508919,-0.7094858192541023,0.6581996363588536,1.2981088982640383,-0.7819879359026238,0.3535442122862831,-1.1959491259372543,-1.2167949514168108,-0.7288803731029305,-0.729330979024009,-0.728901116930125,-0.7284295648344361,-0.7288695388506847,-0.009216854801391,-0.2800557017080191,-0.0091532634296708,-0.2775753457794571,-0.0228543762226752,-0.1030992897248551,-0.146724758572024,-0.1126924907001257,-0.1650260102604531,-0.0162379740272818,-0.0319852834140999,0.3421170016729231,1.043888469534244,1.2741738706621502,0.4855163563980949,0.942728729407058,1.6623512226964232,-0.0969070314553564,0.3850994101274514,1.496017246200605,0.3421170016747903,1.0438884695345618,1.274173870661523,0.2062986820277815,1.1509852693639346,2.835027002668292,0.4883175141487639,0.6410454923344061,0.7305289420819098,0.4102682168141944,1.0976197895515474,1.7831667978883448,0.3084647893376426,0.7547433500809716,0.7367400851845595,-1.0372996173846445,-1.261214584141816,-1.3709744216576645,0.3325277340949542,-0.9860189107849175,-0.8506171898047579,1.1690762519964877,1.4174354117268668,1.4791113606871718,-0.5075312592445091,-1.3916824165501462,-1.3437856228577525,0.2681377752739259,1.5519102634345483,1.6799334696430648,0.7988676822668856,1.6750914328943007,2.502746635660055,-0.3738004086794267,-0.1472940384832465,-0.8215670385793817,HFT_small_BTC,2572,0.0,23161.8105849272,-6.227894512100818e-06,0,default
2573,2573,2573,77573,23161.3,0.00882786,23160.3,0.00982999,23160.2,0.00717,23159.2,0.0003,23159.0,0.00717,23161.4,3.84578058,23161.8,0.52571267,23161.9,0.0011048,23162.2,1.16024747,23162.3,1.3246348,-0.1143853807000455,0.0972763252563762,-0.3873711631641951,0.8571760342684988,0.3524344453859877,-0.7521053654531816,0.1736919758752439,0.517973123402228,-0.2959877039077122,-0.7538163185381643,0.0875758673768709,0.1158214267575368,0.3535442122862831,-1.3092158198305976,-1.2231482467284234,-0.7288803731029305,-0.729330979024009,-0.728901116930125,-0.7284295648344361,-0.7288695388506847,-0.009216854801391,-0.2800557017080191,-0.0091532634296708,-0.2775753457794571,-0.0228543762226752,-0.1030992897248551,-0.146724758572024,-0.1126924907001257,-0.1650260102604531,-0.0162379740272818,-0.0319852834140999,0.1925226606103464,1.0520690588631154,1.2798065768632951,0.4480396952277489,0.8792669035273977,1.624353536823365,-0.0515180377331631,0.3782504647831193,1.5267417725064325,0.1925226606112107,1.052069058863414,1.2798065768630291,0.2062986820277815,1.1509852693639346,2.835027002668292,0.4883175141487639,0.6410454923344061,0.7305289420819098,0.4102682168141944,0.9464711805577416,1.7831667978883448,0.3084647893376426,0.6634991940975471,0.7218072394851848,-1.0372996173846445,-1.261214584141816,-1.3709744216576645,0.0338274131697902,-1.0796221982344345,-0.8974147024919368,0.8732911485040546,1.3239889809434713,1.4323033865429389,-0.5075312592445091,-1.3916824165501462,-1.3437856228577525,0.2681377752739259,1.257798305519647,1.5040836140936469,0.190013385483776,1.6750914328943007,2.502746635660055,0.0478348191024231,-0.3705887606886731,-0.976016624044108,HFT_small_BTC,2573,0.0,23161.69420241342,-5.024758895855186e-06,0,default
2574,2574,2574,77574,23161.3,0.00882786,23160.2,0.00717,23159.2,0.0003,23159.0,0.04602304,23158.0,0.01054,23161.4,1.40998185,23161.9,0.0011048,23162.0,0.04316994,23162.1,0.01,23162.2,1.77780625,-0.1131528624006394,-0.0138078339525566,-0.8771869021710076,-0.1989083849500348,-0.7515508210336328,2.337164037339692,-0.1470473187199532,0.0930029182304109,-0.7089886822514299,-0.6833213057518283,-0.7621930492552835,1.7763769463557662,1.505657736303782,-1.4224825137198205,-1.1805239481347851,-0.7288803731029305,-0.729330979024009,-0.728901116930125,-0.7284295648344361,-0.7288695388506847,-0.009216854801391,-0.2800557017080191,-0.0091532634296708,-0.2775753457794571,-0.0228543762226752,-0.1030992897248551,-0.146724758572024,-0.1126924907001257,-0.1650260102604531,-0.0162379740272818,-0.0319852834140999,0.4318736063124693,1.223861434764784,1.431889644306669,0.3644379126224514,0.8054740827363183,1.5818561249925351,-0.0550409072170594,0.3222115511309326,1.548997268552304,0.4318736063132646,1.2238614347654355,1.4318896443059523,0.2062986820277815,1.1509852693639346,2.835027002668292,0.4883175141487639,0.6410454923344061,0.7305289420819098,0.4102682168141944,0.888530880443633,1.7831667978883448,0.3084647893376426,0.545418521649262,0.6919415480859554,-1.0372996173846445,-1.261214584141816,-1.3709744216576645,-0.2648729077553735,-1.0796221982344345,-0.944212215179116,0.577506045011622,1.2305425501600755,1.385495412398706,-0.5075312592445091,-1.3375365064855411,-1.3437856228577525,-0.3619825734974841,0.963686347604746,1.3282337585442283,0.190013385483776,1.6750914328943007,2.502746635660055,-0.3738004086794272,-0.5938834828940998,-1.1304662095088336,HFT_small_BTC,2574,0.0,23161.606315327444,-3.794501611364964e-06,0,default
2575,2575,2575,77575,23161.3,0.00863207,23160.3,0.01051,23160.2,0.00717,23159.4,0.01832555,23159.3,0.01098999,23161.4,0.01033439,23161.9,0.0011048,23163.1,0.01211077,23163.2,0.0003,23163.6,0.00717,-0.1136897357024696,-0.1124675324470802,-0.7614489873416127,0.2868739370929949,-0.0993608990498314,0.8376777749520102,0.0930617790813406,-0.2504145450127349,-0.518104875748122,1.3375800090604717,-0.7284972768324306,0.2933594647653215,0.0079101550818716,0.1632512007499019,0.3606908120838169,-0.7288803731029305,-0.729330979024009,-0.728901116930125,-0.7284295648344361,-0.7288695388506785,-0.009216854801391,-0.2800557017080191,-0.0091532634296708,-0.2775753457794571,-0.0228543762226752,-0.1030992897248551,-0.146724758572024,-0.1126924907001257,-0.1650260102604531,-0.0162379740272818,-0.0319852834140999,0.4318736063124693,1.223861434764784,1.431889644306669,0.2808361300141887,0.7316812619459979,1.5393587131601625,-0.08867152588082,0.2463858625818232,1.5682454011194045,0.4318736063132646,1.2238614347654355,1.4318896443059523,0.2062986820277815,0.9186387706955884,2.835027002668292,0.4883175141487639,0.6410454923344061,0.7305289420819098,0.4102682168141944,0.8230331498798017,1.7831667978883448,0.3084647893376426,0.4783272304850401,0.6900749423731736,-1.0372996173846445,-1.261214584141816,-1.3709744216576645,-0.5635732286805374,-1.0796221982344345,-0.9910097278662956,0.2817209415191892,1.1370961193766802,1.3386874382544731,-0.5075312592445091,-1.2833905964209364,-1.3437856228577525,-0.3619825734974841,0.963686347604746,1.3282337585442283,0.190013385483776,1.6750914328943007,2.502746635660055,-0.3738004086794272,-0.5938834828940998,-1.1304662095088336,HFT_small_BTC,2575,0.0,23161.54745930965,-2.541102589681543e-06,0,default
2576,2576,2576,77576,23161.3,0.00863207,23160.3,0.00906999,23160.2,0.00717,23159.3,0.00946999,23159.2,0.0003,23161.4,0.03002474,23161.9,0.0011048,23163.1,0.01028076,23163.2,0.0003,23163.6,0.00717,-0.1143435044772047,-0.1119187712423062,-0.4416038230953297,0.677982559809044,0.3087619101253315,0.5595069312060429,-0.7642863759988412,0.6983222607024059,-0.5885255646911715,0.3724565738122323,-0.7465748868370028,-0.1014852464860708,0.123121507481945,0.1632512007499019,-0.2041588370419937,-0.7287098067750959,-0.7291604133482784,-0.7287305515337058,-0.7282589990988378,-0.7286989731849115,-0.009216854801391,-0.2800557017080191,-0.0091532634296708,-0.2775753457794571,-0.0228543762226752,-0.1030992897248551,-0.146724758572024,-0.1126924907001257,-0.1650260102604531,-0.0162379740272818,-0.0319852834140999,0.4169123637474082,1.0520645025921038,1.6008638993341917,0.1712882197965788,0.6534580384695995,1.4818558000630624,-0.160312748770992,0.1921122298556957,1.5744864534980825,0.4169123637487367,1.0520645025926687,1.6008638993335944,0.1836186184054704,0.7443731285091633,2.827225766953427,0.4650960165235491,0.6285954900854662,0.7218309094585036,-0.0064287453580208,0.6441696119810059,1.7189967872974066,0.283387110941236,0.379032131148666,0.6732743626839675,-0.9623676507381688,-1.2442977109892477,-1.3649281664939052,-0.8622735496057012,-1.0796221982344345,-1.0378072405534746,-0.0140641619732436,1.0436496885932849,1.2918794641102405,-0.5075312592445091,-1.2292446863563316,-1.3437856228577525,0.2681377752739259,1.257798305519647,1.3282337585442283,0.190013385483776,1.3929107247875,2.502746635660055,0.0478348191024231,-0.1472940384832465,-1.1304662095088336,HFT_small_BTC,2576,0.0,23161.518042774704,-1.270059135860535e-06,0,default
