,index,Unnamed: 0.1,Unnamed: 0,system_time,midpoint,spread,buys,sells,bids_distance_0,bids_distance_1,bids_distance_2,bids_distance_3,bids_distance_4,bids_distance_5,bids_distance_6,bids_distance_7,bids_distance_8,bids_distance_9,bids_distance_10,bids_distance_11,bids_distance_12,bids_distance_13,bids_distance_14,bids_notional_0,bids_notional_1,bids_notional_2,bids_notional_3,bids_notional_4,bids_notional_5,bids_notional_6,bids_notional_7,bids_notional_8,bids_notional_9,bids_notional_10,bids_notional_11,bids_notional_12,bids_notional_13,bids_notional_14,bids_cancel_notional_0,bids_cancel_notional_1,bids_cancel_notional_2,bids_cancel_notional_3,bids_cancel_notional_4,bids_cancel_notional_5,bids_cancel_notional_6,bids_cancel_notional_7,bids_cancel_notional_8,bids_cancel_notional_9,bids_cancel_notional_10,bids_cancel_notional_11,bids_cancel_notional_12,bids_cancel_notional_13,bids_cancel_notional_14,bids_limit_notional_0,bids_limit_notional_1,bids_limit_notional_2,bids_limit_notional_3,bids_limit_notional_4,bids_limit_notional_5,bids_limit_notional_6,bids_limit_notional_7,bids_limit_notional_8,bids_limit_notional_9,bids_limit_notional_10,bids_limit_notional_11,bids_limit_notional_12,bids_limit_notional_13,bids_limit_notional_14,bids_market_notional_0,bids_market_notional_1,bids_market_notional_2,bids_market_notional_3,bids_market_notional_4,bids_market_notional_5,bids_market_notional_6,bids_market_notional_7,bids_market_notional_8,bids_market_notional_9,bids_market_notional_10,bids_market_notional_11,bids_market_notional_12,bids_market_notional_13,bids_market_notional_14,asks_distance_0,asks_distance_1,asks_distance_2,asks_distance_3,asks_distance_4,asks_distance_5,asks_distance_6,asks_distance_7,asks_distance_8,asks_distance_9,asks_distance_10,asks_distance_11,asks_distance_12,asks_distance_13,asks_distance_14,asks_notional_0,asks_notional_1,asks_notional_2,asks_notional_3,asks_notional_4,asks_notional_5,asks_notional_6,asks_notional_7,asks_notional_8,asks_notional_9,asks_notional_10,asks_notional_11,asks_notional_12,asks_notional_13,asks_notional_14,asks_cancel_notional_0,asks_cancel_notional_1,asks_cancel_notional_2,asks_cancel_notional_3,asks_cancel_notional_4,asks_cancel_notional_5,asks_cancel_notional_6,asks_cancel_notional_7,asks_cancel_notional_8,asks_cancel_notional_9,asks_cancel_notional_10,asks_cancel_notional_11,asks_cancel_notional_12,asks_cancel_notional_13,asks_cancel_notional_14,asks_limit_notional_0,asks_limit_notional_1,asks_limit_notional_2,asks_limit_notional_3,asks_limit_notional_4,asks_limit_notional_5,asks_limit_notional_6,asks_limit_notional_7,asks_limit_notional_8,asks_limit_notional_9,asks_limit_notional_10,asks_limit_notional_11,asks_limit_notional_12,asks_limit_notional_13,asks_limit_notional_14,asks_market_notional_0,asks_market_notional_1,asks_market_notional_2,asks_market_notional_3,asks_market_notional_4,asks_market_notional_5,asks_market_notional_6,asks_market_notional_7,asks_market_notional_8,asks_market_notional_9,asks_market_notional_10,asks_market_notional_11,asks_market_notional_12,asks_market_notional_13,asks_market_notional_14,OE_BTC,pct_return,key_indicator_filtered,pct_return_filtered,label,tic
204,204,204,204,2021-04-17 20:47:00.116090+00:00,60934.385,0.01,133534.2291877729,8792.766241830801,-8.205547885609121e-08,-2.371403206780087e-05,-2.3878143110778183e-05,-2.404225415375549e-05,-2.4206365196732808e-05,-3.717113213497214e-05,-5.0300008297199377e-05,-5.046411752118729e-05,-5.801322186016478e-05,-7.196265505626798e-05,-7.54089851398021e-05,-0.0001157802762463,-0.0001161085019703,-0.0001211959388456,-0.0001213600480696,76920.71875,1218.6600341796875,93227.3828125,67330.8828125,4386.10986328125,1840.1500244140625,6093.1298828125,920.0599975585938,205.1600036621093,6093.0,2032.31005859375,21928.560546875,5000.0,199.009994506836,5407.8798828125,0.0,0.0,2501.5400390625,315723.46875,353179.90625,0.0,0.0,0.0,0.0,0.0,450107.09375,0.0,0.0,21928.439453125,591195.875,76920.71875,1218.6600341796875,95728.9296875,383832.875,360892.09375,1840.1500244140625,6093.1298828125,920.0599975585938,205.1600036621093,6093.0,452526.1875,21928.560546875,5000.0,22127.44921875,598638.25,0.0,0.0,0.0,778.5499877929688,3326.050048828125,0.0,0.0,0.0,0.0,0.0,386.8200073242188,0.0,0.0,0.0,2034.469970703125,8.205547885609121e-08,1.8134260244551115e-05,3.421713336138055e-05,5.062823038315401e-05,5.8669666032074026e-05,7.590131281176582e-05,8.624030306236817e-05,9.214830060955136e-05,0.0001072465092875,0.0001344889315078,0.0001354735868517,0.0001415456936229,0.0001426944800186,0.0001481101353419,0.0001509000285295,14431.5302734375,20008.970703125,32076.9609375,304.69000244140625,60.93999862670898,20009.669921875,6612.66015625,6094.0,341.2699890136719,16508.5390625,24505.73046875,609.4299926757812,60.95000076293945,100.0,304.7200012207031,0.0,0.0,0.0,0.0,0.0,0.0,0.0,0.0,0.0,0.0,0.0,26199.400390625,0.0,0.0,510.8800048828125,0.0,20008.970703125,32076.9609375,0.0,0.0,20009.669921875,6612.66015625,0.0,0.0,16508.5390625,0.0,26199.400390625,0.0,0.0,510.8800048828125,2810.8701171875,0.0,0.0,0.0,0.0,0.0,0.0,0.0,0.0,0.0,0.0,0.0,0.0,0.0,0.0,OE_BTC,0.000123590820501,60903.822342090025,-3.560670010571698e-05,1,default
205,205,205,205,2021-04-17 20:48:00.116090+00:00,60935.325,0.01,455579.9752778108,33191.6629441496,-8.205421409002157e-08,-1.02567764770356e-05,-1.3538944585889112e-05,-1.550824526930228e-05,-3.109854515059851e-05,-3.9632184780202806e-05,-5.161209992365912e-05,-5.40737237315625e-05,-9.985997166950256e-05,-0.000110034699901,-0.0001362920447718,-0.0001364561467198,-0.0001366202632198,-0.0001367843651678,-0.0001392459962517,6918.52001953125,1402.7900390625,920.1099853515624,24939.51953125,920.0900268554688,50.47000122070313,920.0800170898438,9139.7998046875,6.090000152587892,21935.119140625,6092.7001953125,21928.44921875,199.009994506836,5176.35986328125,6.090000152587892,392234.1875,3076396.5,0.0,575680.5625,0.0,4386.10986328125,0.0,0.0,0.0,0.0,0.0,0.0,291902.4375,231.5200042724609,229789.484375,399254.09375,3087540.5,920.1099853515624,523699.34375,920.0900268554688,50.47000122070313,920.0800170898438,9139.7998046875,6.090000152587892,21935.119140625,6092.7001953125,21928.44921875,292101.46875,0.0,229795.5625,101.4000015258789,9741.259765625,0.0,0.0,0.0,0.0,0.0,0.0,0.0,0.0,0.0,0.0,0.0,0.0,0.0,8.205421409002157e-08,3.109854515059851e-05,6.326379661913961e-05,7.672068750252947e-05,8.459789387416095e-05,9.18186633498408e-05,0.0001037985784932,0.0001200453116325,0.0001261173165403,0.0001272660738322,0.000132681656396,0.0001354715059278,0.0001536875352029,0.0001586107828188,0.0001587748993188,75619.84375,20008.609375,19500.5390625,6330.2001953125,20009.0703125,341.2699890136719,5601.60009765625,24505.73046875,609.4299926757812,60.95000076293945,100.0,304.7200012207031,400.0400085449219,8245.8095703125,3047.25,307923.875,0.0,0.0,19500.80078125,0.0,4386.68994140625,0.0,0.0,0.0,0.0,0.0,0.0,0.0,0.0,0.0,429378.53125,20008.609375,19500.5390625,25831.0,20009.0703125,4386.68994140625,5601.60009765625,0.0,0.0,0.0,0.0,0.0,0.0,8245.8095703125,3047.25,45834.80859375,0.0,0.0,0.0,0.0,0.0,0.0,0.0,0.0,0.0,0.0,0.0,0.0,0.0,0.0,OE_BTC,1.542642959306839e-05,60899.30012312765,-7.425180864628622e-05,1,default
206,206,206,206,2021-04-17 20:49:00.116090+00:00,60850.955,0.01,33031.432907174814,508587.1409849797,-8.216797908744412e-08,-1.6187092114705592e-05,-2.834795304806903e-05,-2.9005295800743628e-05,-7.633405039086938e-05,-0.0001399320753989,-0.000156201334903,-0.0001810160611057,-0.0002160196163458,-0.0002212783729191,-0.0002221000468125,-0.0002620336890686,-0.0002621980092953,-0.0002656490833032,-0.0002807679702527,6.090000152587892,100.4000015258789,1376.1099853515625,12.170000076293944,866.1199951171875,9126.3701171875,6.079999923706055,36446.62109375,33.290000915527344,6.079999923706055,9125.6201171875,21895.330078125,10.25,7726.7099609375,6.079999923706055,0.0,5000.419921875,866.1599731445312,0.0,0.0,0.0,0.0,0.0,124839.1875,19994.2890625,0.0,0.0,0.0,0.0,0.0,0.0,5000.419921875,2242.27001953125,12.170000076293944,866.1199951171875,9126.3701171875,0.0,0.0,124839.1875,19994.2890625,9125.6201171875,21895.330078125,10.25,7726.7099609375,0.0,0.0,0.0,0.0,0.0,0.0,0.0,0.0,0.0,0.0,0.0,0.0,0.0,0.0,0.0,0.0,8.216797908744412e-08,1.3393380868365057e-05,2.161017800972332e-05,2.193885120505001e-05,2.210318598372396e-05,2.226752258138731e-05,2.39108812820632e-05,3.5414399462752044e-05,4.856127634411678e-05,7.091096631484106e-05,7.863475912017748e-05,8.060679101618007e-05,8.323616202687846e-05,8.340049680555239e-05,0.0001095299157896,102846.09375,918.8599853515624,25950.83984375,185491.15625,20006.119140625,20008.060546875,3651.139892578125,918.8800048828124,918.8900146484376,4262.60009765625,126601.6875,130054.71875,101281.8203125,6582.6201171875,3042.8798828125,35293.55859375,0.0,0.0,457541.5,0.0,0.0,0.0,0.0,0.0,2462883.5,0.0,0.0,0.0,1585.7099609375,0.0,140608.9375,918.8599853515624,25950.83984375,643581.5,20006.119140625,20008.060546875,3651.139892578125,918.8800048828124,918.8900146484376,2486146.25,126601.6875,130054.71875,101281.8203125,8168.330078125,3042.8798828125,2469.2900390625,0.0,0.0,548.8800048828125,0.0,0.0,0.0,0.0,0.0,19000.130859375,0.0,0.0,0.0,0.0,0.0,OE_BTC,-0.0013845827522869,60893.78640754217,-9.053824221849638e-05,1,default
207,207,207,207,2021-04-17 20:50:00.116090+00:00,60853.795,0.01,72100.33283639027,113214.22328556469,-8.2164142156671e-08,-2.1116185962455347e-05,-6.59778088447638e-05,-6.614213634748012e-05,-6.762109114788473e-05,-9.982943447539584e-05,-0.0001253003138117,-0.0001262862933799,-0.000150771200424,-0.0001543864345876,-0.0001568513544043,-0.0001617811940377,-0.000179857306648,-0.0002061498380498,-0.0002510114572942,314445.8125,21901.630859375,21900.650390625,16660.669921875,71194.1328125,6.079999923706055,18126.419921875,4611.0,5000.0,20000.779296875,16846.150390625,9126.58984375,6084.27978515625,2433.64990234375,30419.259765625,775310.4375,0.0,0.0,2433.989990234375,0.0,0.0,0.0,0.0,0.0,0.0,0.0,0.0,0.0,0.0,0.0,1093890.625,21901.630859375,21900.650390625,19094.66015625,71194.1328125,6.079999923706055,18126.419921875,4611.0,5000.0,20000.779296875,16846.150390625,9126.58984375,6084.27978515625,2433.64990234375,30419.259765625,4134.43994140625,0.0,0.0,0.0,0.0,0.0,0.0,0.0,0.0,0.0,0.0,0.0,0.0,0.0,0.0,8.2164142156671e-08,2.4238423065980896e-05,9.325630526291206e-05,0.0001133043551817,0.000159316274221,0.0001902099902508,0.0002015486534219,0.0002017129736486,0.0002138732670573,0.0002224183408543,0.0002227469958597,0.0002245546056656,0.0002281698252772,0.0002523260773159,0.0002630074159242,48323.28125,2001.3499755859373,20005.73046875,162.75,20008.2109375,1000.0,6086.60986328125,9116.6796875,1585.989990234375,25957.259765625,4598.56982421875,95728.3984375,20010.970703125,5000.0,6458.419921875,40103.8984375,0.0,0.0,0.0,0.0,0.0,0.0,0.0,0.0,0.0,0.0,0.0,0.0,0.0,0.0,99017.6796875,0.0,20005.73046875,162.75,20008.2109375,1000.0,6086.60986328125,9116.6796875,1585.989990234375,25957.259765625,4598.56982421875,95728.3984375,20010.970703125,5000.0,6458.419921875,10590.5,2261.25,0.0,0.0,0.0,0.0,0.0,0.0,0.0,0.0,0.0,0.0,0.0,0.0,0.0,OE_BTC,4.667141214120818e-05,60888.5921780728,-8.529982738481046e-05,1,default
208,208,208,208,2021-04-17 20:51:00.116090+00:00,60868.75500000001,0.01,154965.0386047339,37297.144200207,-8.21439485321207e-08,-2.54646238317946e-06,-2.0946707081748173e-05,-3.8361224142136045e-05,-3.852551162708551e-05,-0.0001068692799889,-0.0001081835798686,-0.0001249409542651,-0.0001290481450268,-0.0001382482732878,-0.0001418626052327,-0.0001453126460546,-0.0001512270100647,-0.0001607557060196,-0.0001660129200899,423.239990234375,3043.429931640625,1217.3499755859375,5784.25,8705.01953125,21905.140625,495.5199890136719,3590.199951171875,21904.650390625,6.090000152587892,20002.5,2434.39990234375,9128.9296875,6329.330078125,6085.8701171875,1069.6400146484375,2433.7099609375,1078.3199462890625,25007.810546875,2251013.75,0.0,204654.40625,401821.46875,0.0,20002.80078125,0.0,0.0,0.0,0.0,0.0,1492.8800048828125,5477.14013671875,2295.669921875,30792.060546875,2261015.0,21905.140625,205160.09375,405411.65625,21904.650390625,20008.890625,20002.5,2434.39990234375,9128.9296875,6329.330078125,6085.8701171875,0.0,0.0,0.0,0.0,1296.280029296875,0.0,10.15999984741211,0.0,0.0,0.0,0.0,0.0,0.0,0.0,0.0,8.21439485321207e-08,1.3553752069128674e-05,2.669678360689432e-05,3.5732617106987163e-05,3.589690459193662e-05,3.655405816971325e-05,3.852551162708551e-05,3.983981514465995e-05,7.91046259109862e-05,7.926890975795686e-05,0.0001025977908284,0.0001183694330393,0.0001505698601249,0.0001507341512478,0.0001620700204512,9799.0400390625,919.1300048828124,919.1400146484376,24243.26953125,107036.140625,12323.76953125,114604.6484375,919.1500244140624,120015.3984375,20006.830078125,1521.8800048828125,5000.0,16755.01953125,26427.109375,20009.859375,0.0,0.0,0.0,1069.6800537109375,0.0,0.0,1069.68994140625,0.0,0.0,0.0,0.0,0.0,0.0,0.0,0.0,10091.6201171875,919.1300048828124,919.1400146484376,25312.9609375,107036.140625,12405.5595703125,115674.34375,919.1500244140624,120015.3984375,20006.830078125,1521.8800048828125,5000.0,16755.01953125,26427.109375,20009.859375,292.5799865722656,0.0,0.0,0.0,0.0,81.79000091552734,0.0,0.0,0.0,0.0,0.0,0.0,0.0,0.0,0.0,OE_BTC,0.0002458351200613,60884.63914062715,-6.492246419631531e-05,1,default
209,209,209,209,2021-04-17 20:52:00.116090+00:00,60887.995,0.01,304137.83695723343,109252.94391805847,-8.21179924059834e-08,-1.6505717212567106e-05,-2.9808832550770607e-05,-3.966299118474126e-05,-4.2947711335727945e-05,-6.561227928614244e-05,-8.614177204435691e-05,-8.630601223558187e-05,-9.845947352005167e-05,-0.0001255584065802,-0.0001299927826039,-0.0001317993737757,-0.0001467448601033,-0.0001552851317683,-0.0001554493646835,2496.409912109375,19483.83984375,919.3800048828124,4382.7099609375,919.3699951171876,919.3499755859376,21912.51953125,57232.76953125,4867.2001953125,6331.56005859375,2435.199951171875,27313.69921875,3043.949951171875,35093.8203125,6087.85009765625,948307.6875,0.0,0.0,0.0,0.0,0.0,25963.830078125,198012.390625,0.0,0.0,0.0,218823.28125,0.0,0.0,0.0,1011950.5625,19483.83984375,919.3800048828124,4382.7099609375,919.3699951171876,919.3499755859376,47876.3515625,255245.171875,4867.2001953125,6331.56005859375,2435.199951171875,246136.984375,3043.949951171875,35093.8203125,6087.85009765625,61146.51171875,0.0,0.0,0.0,0.0,0.0,0.0,0.0,0.0,0.0,0.0,0.0,0.0,0.0,0.0,8.21179924059834e-08,5.748259468418837e-07,8.482788689434527e-05,8.76198973855935e-05,0.0001048646809067,0.0001074924512067,0.0001598837407073,0.0001876396127045,0.0001970010634977,0.000197165296413,0.0002165451442124,0.0002242642367491,0.0002385527768637,0.0002443010453134,0.0002447937440592,21960.55078125,2616.110107421875,11288.3701171875,20007.439453125,168.97000122070312,12907.400390625,84245.921875,20009.44921875,3756.919921875,1522.5,72953.5234375,5695.56005859375,7620.41015625,5000.0,3652.56005859375,6591.47998046875,3352.699951171875,0.0,0.0,0.0,0.0,0.0,0.0,0.0,23665.060546875,0.0,0.0,0.0,0.0,0.0,6591.47998046875,3352.699951171875,11288.3701171875,20007.439453125,168.97000122070312,12907.400390625,84245.921875,20009.44921875,3756.919921875,23665.060546875,0.0,5695.56005859375,7620.41015625,5000.0,3652.56005859375,8483.4501953125,0.0,0.0,0.0,0.0,0.0,0.0,0.0,0.0,0.0,0.0,0.0,0.0,0.0,0.0,OE_BTC,0.000316089921668,60882.24738878111,-3.928333779756876e-05,1,default
210,210,210,210,2021-04-17 20:53:00.116090+00:00,60895.425,0.01,168438.9699376044,132071.51940415293,-8.210797375340918e-08,-2.668509114300832e-05,-3.29252980009187e-05,-4.47488455392886e-05,-4.524149335338734e-05,-5.000375676900149e-05,-5.952827996225096e-05,-6.149887485662475e-05,-0.0001219303449033,-0.000124886224512,-0.0001372024271404,-0.0001444279332645,-0.0001459058694308,-0.0001483691157773,-0.0001485333195887,98298.9296875,919.5,6.090000152587892,66981.96875,36533.30859375,919.469970703125,919.469970703125,6.090000152587892,24.75,199.009994506836,6005.77001953125,9132.990234375,6.090000152587892,25965.390625,79761.15625,116974.828125,0.0,0.0,50.65999984741211,161320.484375,0.0,0.0,19485.33984375,0.0,0.0,0.0,0.0,0.0,0.0,0.0,215273.75,919.5,6.090000152587892,67032.6328125,198607.734375,919.469970703125,919.469970703125,19491.4296875,24.75,199.009994506836,6005.77001953125,9132.990234375,6.090000152587892,25965.390625,79761.15625,0.0,0.0,0.0,0.0,753.9400024414062,0.0,0.0,0.0,0.0,0.0,0.0,0.0,0.0,0.0,0.0,8.210797375340918e-08,9.089352533919735e-05,0.0001012391294352,0.0001048518824973,0.0001068224737537,0.000123572506709,0.0001324401673628,0.0001434426376363,0.0001436068414477,0.0001587147125974,0.0001685676688794,0.0002074868534691,0.0002285064983879,0.0002373741590417,0.0002758006739895,15884.900390625,19488.310546875,4941.66015625,5000.0,8148.2001953125,20010.5703125,3654.2099609375,16.020000457763672,8992.2197265625,3045.25,455.3399963378906,3757.419921875,20011.8203125,1218.199951171875,17657.4609375,16336.2197265625,0.0,0.0,455.3200073242188,0.0,0.0,0.0,0.0,0.0,0.0,0.0,0.0,0.0,0.0,24913.099609375,36344.421875,19488.310546875,4941.66015625,5455.31982421875,8148.2001953125,20010.5703125,3654.2099609375,16.020000457763672,8992.2197265625,3045.25,455.3399963378906,3757.419921875,20011.8203125,1218.199951171875,42570.55859375,4123.2998046875,0.0,0.0,0.0,0.0,0.0,0.0,0.0,0.0,0.0,0.0,0.0,0.0,0.0,0.0,OE_BTC,0.0001220273388866,60881.13959773535,-1.819563326377338e-05,1,default
211,211,211,211,2021-04-17 20:54:00.116090+00:00,60893.425,0.01,72695.58451511293,54658.74508827352,-8.211067381580508e-08,-2.463320072365605e-07,-1.2398711078276394e-05,-2.8656624635914337e-05,-9.204605885315686e-05,-9.976446744985876e-05,-0.0001130663949879,-0.0002667775843292,-0.00027695929748,-0.0002786015102174,-0.0002799152862279,-0.0002846776915248,-0.0002932172210421,-0.0003025778278242,-0.0003107888915109,365.3599853515625,370.7799987792969,412.2699890136719,6.090000152587892,199.009994506836,6.090000152587892,6.090000152587892,919.25,601.4600219726562,477.2699890136719,919.22998046875,21910.119140625,919.219970703125,2350.989990234375,6087.4501953125,70970.65625,0.0,36146.37109375,0.0,259671.46875,77897.390625,0.0,0.0,0.0,0.0,0.0,0.0,0.0,0.0,0.0,71329.9296875,370.7799987792969,25.32999992370605,0.0,259671.46875,77903.4765625,0.0,919.25,601.4600219726562,477.2699890136719,919.22998046875,21910.119140625,919.219970703125,0.0,6087.4501953125,0.0,0.0,0.0,0.0,0.0,0.0,0.0,0.0,0.0,0.0,0.0,0.0,0.0,0.0,0.0,8.211067381580508e-08,2.471531115588732e-05,3.309060048195533e-05,3.407592885196209e-05,5.542470171349124e-05,6.692019815091044e-05,0.0001079755311366,0.0001124095069826,0.0001178288148366,0.0001296527480008,0.0001541217352496,0.0001542859536129,0.0001749778457451,0.0001751420641085,0.0001753062824718,105596.4765625,1737.9200439453125,24967.130859375,20115.359375,4932.64013671875,6.090000152587892,152250.0,13673.48046875,79992.9375,23532.26953125,92494.796875,30022.4609375,55844.26953125,17534.859375,30452.05078125,0.0,0.0,0.0,195871.109375,0.0,0.0,3654.0,0.0,0.0,0.0,0.0,0.0,0.0,0.0,0.0,105693.0,1737.9200439453125,24967.130859375,216248.6875,4932.64013671875,6.090000152587892,155904.0,13673.48046875,79992.9375,23532.26953125,92494.796875,30022.4609375,55844.26953125,17534.859375,30452.05078125,96.5199966430664,0.0,0.0,262.22000122070307,0.0,0.0,0.0,0.0,0.0,0.0,0.0,0.0,0.0,0.0,0.0,OE_BTC,-3.28431897798076e-05,60880.64182761047,-8.176097362255774e-06,1,default
212,212,212,212,2021-04-17 20:55:00.116090+00:00,60885.11500000001,0.01,26423.48830365561,42273.4965660733,-8.212187907474802e-08,-2.463656301188166e-07,-1.798469202185515e-05,-5.8224410167895264e-05,-7.136390922823921e-05,-7.514152093790473e-05,-8.401068043895066e-05,-8.499614341417328e-05,-9.764291462488472e-05,-0.0001022417418425,-0.0001107824136852,-0.0001239219127455,-0.0001433026773156,-0.0001557852083351,-0.0001593985653016,24867.16015625,316.6000061035156,21912.970703125,2435.260009765625,21911.80078125,17679.609375,1199.3399658203125,1217.5999755859375,919.280029296875,238.0399932861328,919.260009765625,919.25,128.07000732421878,5000.0,20002.98046875,2025772.25,19483.23046875,0.0,0.0,0.0,0.0,0.0,0.0,0.0,874541.0,0.0,0.0,0.0,0.0,0.0,2053729.125,19799.830078125,21912.970703125,2435.260009765625,21911.80078125,17679.609375,1199.3399658203125,1217.5999755859375,919.280029296875,879131.375,919.260009765625,919.25,128.07000732421878,5000.0,20002.98046875,3089.7099609375,0.0,0.0,0.0,0.0,0.0,0.0,0.0,0.0,4352.33984375,0.0,0.0,0.0,0.0,0.0,8.212187907474802e-08,3.202753305231454e-06,3.523028499330394e-05,8.647433423902841e-05,0.0001140672902693,0.0001441239000996,0.0001485584798501,0.0001566064165672,0.0001705671456875,0.0002025946741923,0.0002034158969763,0.0002140917349606,0.0002311730931978,0.0002464477438479,0.0002472689666319,4170.0,29.21999931335449,20007.4609375,590.1099853515625,307.3900146484375,20009.58984375,8255.740234375,262.07000732421875,3044.77001953125,2892.6298828125,6.090000152587892,79922.7265625,20011.380859375,29841.060546875,6084.31005859375,100088.859375,0.0,0.0,0.0,0.0,0.0,0.0,0.0,17070.58984375,0.0,0.0,0.0,0.0,0.0,0.0,109091.5625,29.21999931335449,20007.4609375,590.1099853515625,307.3900146484375,20009.58984375,8255.740234375,262.07000732421875,0.0,2892.6298828125,0.0,79922.7265625,20011.380859375,29841.060546875,6084.31005859375,4832.7001953125,0.0,0.0,0.0,0.0,0.0,0.0,0.0,0.0,0.0,0.0,0.0,0.0,0.0,0.0,OE_BTC,-0.0001364679355774,60879.97833035873,-1.0898328792530164e-05,1,default
213,213,213,213,2021-04-17 20:56:00.116090+00:00,60880.61,3.2,63645.614909379015,48411.31532774533,-2.6280946258339103e-05,-2.644520100147929e-05,-4.188525781501085e-05,-4.204951255815104e-05,-5.420445086201653e-05,-6.816620589233935e-05,-6.833046063547954e-05,-8.426327985944226e-05,-0.0001277910923818,-0.0001279553544009,-0.0001634346263017,-0.0001729614741634,-0.0001898798363981,-0.0001900440838653,-0.0001907011173898,286.1300048828125,286.1300048828125,1057.02001953125,19480.98046875,6087.72998046875,8423.5302734375,21910.25,6.090000152587892,21908.94921875,6.090000152587892,4399.89990234375,20003.30078125,25957.990234375,16462.939453125,22.520000457763672,0.0,6087.89990234375,0.0,0.0,1057.0,0.0,0.0,0.0,0.0,363434.375,0.0,0.0,0.0,0.0,935406.0625,286.1300048828125,6374.02978515625,1057.02001953125,19480.98046875,7144.740234375,9131.4697265625,21910.25,6.090000152587892,21908.94921875,363434.375,4399.89990234375,20003.30078125,25957.990234375,16462.939453125,935406.0625,0.0,0.0,0.0,0.0,0.0,707.9299926757812,0.0,0.0,0.0,0.0,0.0,0.0,0.0,0.0,0.0,2.6280946258339103e-05,2.6609457563608885e-05,2.693796886887867e-05,2.7102225431008264e-05,4.549888762994669e-05,4.681293285102584e-05,4.878400432062335e-05,7.260111306095496e-05,7.342239405261353e-05,8.459179662168026e-05,0.0001212208590004,0.0001217136305058,0.0001228634209837,0.0001542363024782,0.0001580141833983,127617.1796875,130040.546875,126069.34375,19509.859375,208.69000244140625,1918.4100341796875,6756.33984375,24901.98046875,5000.0,4868.509765625,9133.2001953125,20009.19921875,1031.9599609375,129143.328125,2364.719970703125,0.0,0.0,0.0,0.0,0.0,601.530029296875,0.0,0.0,0.0,385008.125,0.0,0.0,0.0,0.0,0.0,127617.1796875,130040.546875,126461.4921875,20007.30078125,208.69000244140625,2519.93994140625,6756.33984375,24901.98046875,5000.0,397788.90625,9133.2001953125,20009.19921875,1031.9599609375,129143.328125,2364.719970703125,0.0,0.0,392.1499938964844,497.4500122070313,0.0,0.0,0.0,0.0,0.0,7912.2998046875,0.0,0.0,0.0,0.0,0.0,OE_BTC,-7.399181228473495e-05,60878.54268696069,-2.358153595671819e-05,1,default
214,214,214,214,2021-04-17 20:57:00.116090+00:00,60880.595,0.01,267040.91206916986,45575.98888808049,-8.212797553142084e-08,-6.980877969908762e-06,-8.401691593462601e-05,-9.978548769140616e-05,-0.0001277090050279,-0.0001311583764618,-0.0001411779958289,-0.0001497193006798,-0.000149883548147,-0.0001590818865224,-0.0001819134631659,-0.0001824062346713,-0.0001825704821385,-0.0001904547680169,-0.0001916045730467,161.22000122070312,9.09000015258789,6.090000152587892,6.090000152587892,6.090000152587892,601.4199829101562,21908.650390625,21908.4609375,2434.860107421875,8521.9296875,3043.47998046875,6086.9501953125,17506.44921875,22.520000457763672,6.090000152587892,248450.296875,51925.46875,285568.0625,0.0,9130.919921875,0.0,0.0,0.0,0.0,0.0,0.0,0.0,6086.9501953125,52835.05859375,77873.8203125,253004.84375,51934.55859375,285568.0625,6.090000152587892,9130.919921875,601.4199829101562,21908.650390625,21908.4609375,2434.860107421875,8521.9296875,3043.47998046875,6086.9501953125,23593.400390625,52835.05859375,77873.8203125,4393.35009765625,0.0,0.0,0.0,0.0,0.0,0.0,0.0,0.0,0.0,0.0,0.0,0.0,0.0,0.0,8.212797553142084e-08,2.504903204680885e-05,2.948394285340328e-05,3.506864595692605e-05,3.786099478020333e-05,6.742707046214491e-05,7.48185848351568e-05,7.613263005623594e-05,8.582373266108334e-05,9.107992809731512e-05,0.0001395354338455,0.0001403567148372,0.0001405209623044,0.0001459414052078,0.0001544827246107,23848.390625,19482.279296875,1217.6500244140625,20008.609375,984.0999755859376,18334.83984375,110877.9609375,88673.78125,118327.203125,20007.16015625,4932.02001953125,12863.0498046875,6783.31005859375,5000.0,55741.37890625,218768.34375,0.0,0.0,0.0,0.0,0.0,336920.3125,1203.0899658203125,159970.875,0.0,0.0,0.0,0.0,0.0,607543.0,247578.84375,19482.279296875,1217.6500244140625,20008.609375,984.0999755859376,18334.83984375,447798.28125,89876.8671875,278298.0625,20007.16015625,4932.02001953125,12863.0498046875,6783.31005859375,5000.0,609528.25,4962.10009765625,0.0,0.0,0.0,0.0,0.0,0.0,0.0,0.0,0.0,0.0,0.0,0.0,0.0,75387.1875,OE_BTC,-2.463838650879069e-07,60876.06577534696,-4.068611869489924e-05,1,default
215,215,215,215,2021-04-17 20:58:00.116090+00:00,60857.61500000001,0.01,74974.37920435327,99264.949799736,-8.215898361640941e-08,-2.464769579546555e-07,-1.33919147629058e-05,-2.637303441588301e-05,-2.6537352823652327e-05,-3.9682789065409445e-05,-8.22411457193084e-05,-9.982316987589002e-05,-0.0001137901999754,-0.0001215131414937,-0.000124963815324,-0.0001251281355507,-0.0001285788166569,-0.0001300576695939,-0.0001302219898207,216093.28125,687.6900024414062,918.9400024414062,21902.890625,918.9299926757812,918.9099731445312,9127.8896484375,6.090000152587892,60.84999847412109,4707.240234375,839.72998046875,314.2699890136719,2433.989990234375,25949.740234375,17252.19921875,895946.875,19474.4296875,0.0,0.0,0.0,0.0,0.0,0.0,0.0,0.0,24340.0,304.25,0.0,0.0,0.0,1162549.75,20162.119140625,918.9400024414062,21902.890625,918.9299926757812,918.9099731445312,9127.8896484375,6.090000152587892,0.0,4707.240234375,24340.0,0.0,2433.989990234375,25949.740234375,17252.19921875,50515.69921875,0.0,0.0,0.0,0.0,0.0,0.0,0.0,0.0,0.0,0.0,0.0,0.0,0.0,0.0,8.215898361640941e-08,7.501115760533138e-05,8.651341340737417e-05,9.702976240077989e-05,9.801566920941696e-05,0.0001111611127271,0.0001450106065021,0.000181817842531,0.0001929914578795,0.0002286484668729,0.0002462304837536,0.0002463948039803,0.0002465591242071,0.0002498454705346,0.0002564181922934,4193.6201171875,7022.43017578125,4399.3701171875,206.94000244140625,14236.2099609375,20007.0,23744.189453125,5000.0,20008.7890625,3652.2900390625,12859.5595703125,6087.259765625,21908.869140625,1217.4599609375,16621.580078125,67602.296875,281769.59375,0.0,0.0,0.0,0.0,0.0,0.0,0.0,0.0,0.0,0.0,3652.360107421875,262786.125,0.0,77635.9609375,298116.46875,4399.3701171875,206.94000244140625,14236.2099609375,20007.0,23744.189453125,5000.0,20008.7890625,3652.2900390625,12859.5595703125,6087.259765625,25561.23046875,264003.59375,16621.580078125,5840.0400390625,9324.4501953125,0.0,0.0,0.0,0.0,0.0,0.0,0.0,0.0,0.0,0.0,0.0,0.0,0.0,OE_BTC,-0.0003774601742967,60872.65582312998,-5.601466148552614e-05,1,default
216,216,216,216,2021-04-17 20:59:00.116090+00:00,60872.265,0.01,71693.39407910722,89394.93936742113,-8.213921631750054e-08,-1.7167096302728172e-05,-1.7331374692730606e-05,-7.088614074746147e-05,-8.419269579462707e-05,-0.0001034132728818,-0.0001037418260239,-0.0001257551339222,-0.0001426758099114,-0.0001428400864824,-0.0001653462386457,-0.0001655105152167,-0.0001656747917877,-0.0001658390683587,-0.0001812812406569,601.4199829101562,122767.0703125,657.4099731445312,919.1099853515624,919.0900268554688,2005.5999755859373,919.0800170898438,9129.6904296875,4919.93994140625,30.43000030517578,25955.0703125,21905.119140625,100.75,268.72000122070307,614.2899780273438,0.0,153990.375,94.72000122070312,0.0,0.0,0.0,0.0,0.0,1037080.0,1588.5400390625,0.0,0.0,669.47998046875,550093.4375,0.0,601.4199829101562,277608.25,752.1199951171875,919.1099853515624,919.0900268554688,2005.5999755859373,919.0800170898438,9129.6904296875,1047394.8125,1618.969970703125,25955.0703125,21905.119140625,770.22998046875,558090.4375,614.2899780273438,0.0,850.8099975585938,0.0,0.0,0.0,0.0,0.0,0.0,5394.8701171875,0.0,0.0,0.0,0.0,7728.27978515625,0.0,8.213921631750054e-08,4.3533782445592806e-06,1.0595958883641288e-05,2.390251211181749e-05,2.8830863811890595e-05,5.380118454922922e-05,5.396546475822106e-05,6.546495569637045e-05,0.0001076845073839,0.0001444828812964,0.0001446471578674,0.0001456328318454,0.0001890023268059,0.000189166603377,0.0001893308944999,19977.05078125,255.6600036621093,20008.01953125,3755.300048828125,21909.369140625,6087.5498046875,23747.740234375,20008.990234375,33.810001373291016,17247.759765625,20011.490234375,5000.0,15694.2099609375,4931.58984375,24962.349609375,2447250.75,0.0,0.0,0.0,0.0,0.0,0.0,0.0,0.0,0.0,0.0,0.0,0.0,24962.349609375,0.0,2474266.75,255.6600036621093,20008.01953125,3755.300048828125,21909.369140625,6087.5498046875,23747.740234375,20008.990234375,0.0,17247.759765625,20011.490234375,5000.0,15694.2099609375,29893.939453125,24962.349609375,7039.1201171875,0.0,0.0,0.0,0.0,0.0,0.0,0.0,0.0,0.0,0.0,0.0,0.0,0.0,0.0,OE_BTC,0.0002407258319272,60868.72914592826,-6.450642162092457e-05,1,default
217,217,217,217,2021-04-17 21:00:00.116090+00:00,60874.535,0.01,259937.31923300296,58588.3158616369,-8.213615387830941e-08,-2.4640846163492824e-07,-1.7987817045650445e-05,-2.390162080700975e-05,-2.800842776196077e-05,-3.950748941861093e-05,-5.429199518403038e-05,-5.445626811706461e-05,-8.402528328588232e-05,-0.0001512126473244,-0.0001513769238954,-0.0001630402548471,-0.0001678041589912,-0.000179960305104,-0.000180124581675,723.489990234375,2197.570068359375,6.090000152587892,6.090000152587892,1619.3399658203125,9.949999809265137,16788.580078125,121990.1875,5000.0,21906.25,5497.85986328125,9129.6904296875,3043.219970703125,4919.93994140625,30.43000030517578,413850.71875,614.8300170898438,614.8200073242188,0.0,0.0,0.0,0.0,2091.699951171875,0.0,0.0,2434.610107421875,0.0,0.0,0.0,0.0,414574.21875,2812.39990234375,620.9099731445312,6.090000152587892,1619.3399658203125,9.949999809265137,16788.580078125,1314.8199462890625,5000.0,21906.25,7932.47021484375,0.0,3043.219970703125,0.0,0.0,0.0,0.0,0.0,0.0,0.0,0.0,0.0,0.0,0.0,0.0,0.0,0.0,0.0,0.0,0.0,8.213615387830941e-08,1.3223920177551918e-05,1.3552465134125669e-05,2.6694249754655168e-05,3.7207675632089376e-05,3.9836031646700576e-05,4.00003045797348e-05,4.410711335367523e-05,4.542129317997024e-05,6.743377889506519e-05,7.055495370877907e-05,0.0001083375827874,0.0001098160355468,0.0001213150972034,0.0001221364509547,16244.4404296875,1461.010009765625,919.219970703125,919.22998046875,121729.6171875,127697.1015625,919.239990234375,260.91000366210943,21910.55078125,15678.1796875,20008.98046875,5026.14013671875,1072.5799560546875,4931.43994140625,20010.009765625,168192.109375,0.0,0.0,0.0,0.0,0.0,0.0,0.0,0.0,21911.0390625,0.0,0.0,0.0,0.0,0.0,194585.953125,1461.010009765625,919.219970703125,919.22998046875,121729.6171875,127697.1015625,919.239990234375,260.91000366210943,21910.55078125,37589.21875,20008.98046875,5026.14013671875,1072.5799560546875,4931.43994140625,20010.009765625,10149.400390625,0.0,0.0,0.0,0.0,0.0,0.0,0.0,0.0,0.0,0.0,0.0,0.0,0.0,0.0,OE_BTC,3.729120314477363e-05,60864.87091845265,-6.338603630706707e-05,1,default
218,218,218,218,2021-04-17 21:01:00.116090+00:00,60853.305,0.01,76592.37546607929,346043.1031378485,-8.216480296141526e-08,-2.464944088842458e-07,-2.851118733815383e-05,-8.191831147996709e-05,-8.273995626950638e-05,-9.177808533422648e-05,-0.0001285879261558,-0.0001315458503086,-0.0001527443673694,-0.0001529087021481,-0.0001538946817163,-0.0001552093162899,-0.0001649047626415,-0.0001861032797023,-0.000186267614481,621.5599975585938,547.6799926757811,10151.7900390625,1032.4300537109375,9127.240234375,6.079999923706055,3042.27001953125,4144.52978515625,25947.310546875,18010.0390625,6084.39013671875,1216.8800048828125,9126.490234375,6214.41015625,20003.220703125,1202.4599609375,0.0,26857.150390625,0.0,0.0,51897.7890625,0.0,0.0,0.0,0.0,0.0,0.0,5000.0,0.0,0.0,1824.02001953125,547.6799926757811,37008.94140625,1032.4300537109375,9127.240234375,51897.7890625,3042.27001953125,4144.52978515625,25947.310546875,18010.0390625,6084.39013671875,1216.8800048828125,14126.490234375,6214.41015625,20003.220703125,0.0,0.0,0.0,0.0,0.0,0.0,0.0,0.0,0.0,0.0,0.0,0.0,0.0,0.0,0.0,8.216480296141526e-08,1.3392863365879746e-05,2.653923183970619e-05,2.670356116141193e-05,3.524870044202544e-05,3.984993236372247e-05,4.4779819290852174e-05,7.090823055477813e-05,8.339728083228691e-05,8.356160833500326e-05,0.0001302312157349,0.0001358184235868,0.0001448565599275,0.000146828504512,0.0001770651579136,66116.1484375,918.9000244140624,6085.490234375,918.9099731445312,32715.890625,918.9199829101562,20007.849609375,14.770000457763672,21903.75,94598.5234375,473.2799987792969,16873.66015625,20009.849609375,5000.0,1610.8900146484375,0.0,0.0,0.0,0.0,0.0,0.0,152140.078125,0.0,0.0,350228.40625,0.0,0.0,0.0,0.0,97.37999725341795,72252.546875,918.9000244140624,6085.490234375,918.9099731445312,32715.890625,918.9199829101562,172147.921875,14.770000457763672,21903.75,446482.03125,473.2799987792969,16873.66015625,20009.849609375,5000.0,1708.27001953125,6136.39990234375,0.0,0.0,0.0,0.0,0.0,0.0,0.0,0.0,1655.1099853515625,0.0,0.0,0.0,0.0,0.0,OE_BTC,-0.0003487500972286,60861.665826730976,-5.265913939045408e-05,1,default
219,219,219,219,2021-04-17 21:02:00.116090+00:00,60866.165,0.01,94772.74664836204,69780.2427215152,-8.214744440238064e-08,-2.464423403125693e-07,-8.124382293317467e-05,-0.0002010148018598,-0.0002156370464945,-0.0002365024993196,-0.0002366667904425,-0.0002368310815654,-0.0002396241034148,-0.0002401169913355,-0.0002402812824584,-0.0002938414108939,-0.0002940057020168,-0.0003030419175047,-0.0003133925201836,9384.9404296875,468.6700134277344,6.090000152587892,9887.7099609375,1348.260009765625,25950.619140625,6215.39990234375,5459.91015625,7829.68994140625,341.3800048828125,406.9400024414063,6084.830078125,730.5499877929688,6.079999923706055,18129.830078125,2932875.5,0.0,0.0,62521.03125,0.0,0.0,0.0,0.0,0.0,505.0700073242188,3621.260009765625,0.0,13525.2099609375,0.0,0.0,2952230.5,468.6700134277344,6.090000152587892,72408.7421875,1348.260009765625,25950.619140625,6215.39990234375,5459.91015625,7829.68994140625,846.4500122070312,4089.050048828125,6084.830078125,22652.44921875,0.0,18129.830078125,9970.0703125,0.0,0.0,0.0,0.0,0.0,0.0,0.0,0.0,0.0,60.84999847412109,0.0,8396.6904296875,0.0,0.0,8.214744440238064e-08,1.2568559213832485e-05,1.3390033927862532e-05,1.848317515396048e-05,1.8647469914867543e-05,1.914035419758876e-05,3.211965304217301e-05,4.4934651668882e-05,4.54275359516032e-05,5.939260518061929e-05,0.0001187030575238,0.0001372683764202,0.000137596973218,0.0001380898611387,0.0001456474274164,358351.25,4991.08984375,919.0900268554688,22520.900390625,17308.759765625,7982.81982421875,919.1099853515624,20009.859375,919.1199951171876,438.8299865722656,20010.05078125,17914.33984375,1569.949951171875,24879.439453125,13837.0,66952.7890625,0.0,0.0,0.0,2398746.5,38955.08984375,0.0,0.0,0.0,0.0,0.0,0.0,0.0,0.0,0.0,425304.03125,4991.08984375,919.0900268554688,22520.900390625,2443063.5,46937.91015625,919.1099853515624,20009.859375,919.1199951171876,438.8299865722656,20010.05078125,17914.33984375,0.0,24879.439453125,13837.0,0.0,0.0,0.0,0.0,27008.25,0.0,0.0,0.0,0.0,0.0,0.0,0.0,0.0,0.0,0.0,OE_BTC,0.0002113278810411,60859.531033408486,-3.507615661668684e-05,1,default
220,220,220,220,2021-04-17 21:03:00.116090+00:00,60851.575,0.01,117111.861672699,129287.522159608,-8.21671406470159e-08,-2.465014290464752e-07,-4.108356961296522e-07,-5.751700200562482e-07,-3.1141345971263945e-05,-5.6613160268170766e-05,-6.335086800390854e-05,-7.452559657394886e-05,-7.468993135262282e-05,-9.983307973016052e-05,-0.0001113364778575,-0.0001297419221373,-0.0002089510380756,-0.0002091153728542,-0.0002114160597557,398141.4375,438.1300048828125,341.3800048828125,406.9400024414063,12145.599609375,5000.0,6.079999923706055,6214.919921875,6.079999923706055,6.079999923706055,20001.8203125,9126.5498046875,25945.119140625,5500.2900390625,19999.8203125,1870694.25,245487.5625,0.0,0.0,0.0,0.0,0.0,0.0,0.0,0.0,0.0,0.0,0.0,0.0,0.0,2338700.0,245925.703125,0.0,0.0,12145.599609375,5000.0,0.0,6214.919921875,0.0,6.079999923706055,20001.8203125,9126.5498046875,25945.119140625,5500.2900390625,19999.8203125,69864.2421875,0.0,0.0,0.0,0.0,0.0,0.0,0.0,0.0,0.0,0.0,0.0,0.0,0.0,0.0,8.21671406470159e-08,2.465014290464752e-07,0.0001057491099345,0.0001228398759849,0.0001586647558724,0.0001665527961449,0.0002170034276787,0.0002171677624573,0.0002181537565775,0.0002229194506071,0.0002280138141941,0.0002569366479292,0.0002579226566012,0.0002580870059318,0.0002582513261586,3121.06005859375,1217.030029296875,7717.64013671875,20006.5,2386.25,3754.56005859375,21906.05078125,4869.18017578125,5033.52001953125,20008.509765625,23877.51953125,4991.10986328125,46978.078125,73673.1875,22520.900390625,5731177.0,2995850.75,0.0,0.0,1471298.25,10955.1103515625,0.0,0.0,0.0,0.0,0.0,0.0,0.0,0.0,0.0,5765298.5,3003008.25,7717.64013671875,20006.5,1553606.125,14709.669921875,21906.05078125,4869.18017578125,5033.52001953125,20008.509765625,23877.51953125,4991.10986328125,46978.078125,73673.1875,0.0,31000.7890625,5940.35009765625,0.0,0.0,79921.59375,0.0,0.0,0.0,0.0,0.0,0.0,0.0,0.0,0.0,0.0,OE_BTC,-0.000239706247305,60858.581413381,-1.5603472642067295e-05,1,default
221,221,221,221,2021-04-17 21:04:00.116090+00:00,60845.445,0.01,96076.48197368928,44388.03229471422,-8.217541846988753e-08,-2.465262696205173e-07,-0.0001437248138245,-0.0001636112574487,-0.0001637756067793,-0.0001744584151309,-0.0001902360963867,-0.0001904004457173,-0.0002474302018526,-0.0002495667431503,-0.0002497310924809,-0.0002500597911421,-0.0002518676628824,-0.0002526894095353,-0.0002538398839533,4992.68994140625,340.7300109863281,9125.5,6083.5498046875,6770.27001953125,995.02001953125,6.079999923706055,6.079999923706055,918.5399780273438,25941.44921875,6213.2099609375,16520.859375,9124.51953125,200.2400054931641,1980.199951171875,134218.953125,0.0,0.0,0.0,0.0,19838.240234375,155657.9375,77828.953125,0.0,0.0,25941.44921875,0.0,0.0,79171.8515625,10000.0,139211.65625,340.7300109863281,9125.5,6083.5498046875,6770.27001953125,19838.240234375,155657.9375,77828.953125,918.5399780273438,25941.44921875,32154.650390625,16520.859375,9124.51953125,79171.8515625,10000.0,0.0,0.0,0.0,0.0,0.0,0.0,0.0,0.0,0.0,0.0,0.0,0.0,0.0,0.0,0.0,8.217541846988753e-08,1.068280425897683e-06,1.339459322480252e-05,2.9336624720599502e-05,3.213058880646713e-05,3.410279896343127e-05,4.725086546386592e-05,8.472285844618455e-05,0.0001009935876936,0.0001118407453759,0.0001166069196187,0.0001189078320749,0.0001542432582937,0.000166240875842,0.0001744584151309,276154.15625,25689.69921875,20006.720703125,21899.73046875,3650.840087890625,918.7999877929688,918.8099975585938,20008.669921875,1217.030029296875,5000.0,3042.6298828125,13378.490234375,4726.64990234375,27316.669921875,3754.2099609375,0.0,467912.6875,0.0,0.0,0.0,3650.85009765625,3650.89990234375,0.0,209673.265625,0.0,0.0,0.0,0.0,2890.639892578125,0.0,278135.09375,495908.96875,20006.720703125,21899.73046875,3650.840087890625,4569.64990234375,4569.7099609375,20008.669921875,209673.265625,5000.0,3042.6298828125,13378.490234375,4726.64990234375,30207.310546875,3754.2099609375,1980.9300537109373,2306.56005859375,0.0,0.0,0.0,0.0,0.0,0.0,0.0,0.0,0.0,0.0,0.0,0.0,0.0,OE_BTC,-0.0001007369160124,60858.560737837535,-3.397309464858722e-07,1,default
222,222,222,222,2021-04-17 21:05:00.116090+00:00,60845.445,0.01,88928.88223764556,74577.48341630767,-8.217541846988753e-08,-2.465262696205173e-07,-2.383087121415884e-06,-6.491858130175388e-06,-1.339459322480252e-05,-1.7832066077971828e-05,-1.799641722755041e-05,-1.816076837712899e-05,-1.8489468857296742e-05,-1.8818171156453897e-05,-2.670701178431045e-05,-2.703571408346761e-05,-3.8047219277359545e-05,-6.154939183034003e-05,-8.8831628090702e-05,445412.375,618.030029296875,1216.9100341796875,5000.0,918.75,25947.4609375,121726.0078125,77529.6875,23206.01953125,20006.73046875,918.739990234375,9126.5703125,5638.7001953125,20004.869140625,18115.48046875,18443.060546875,480865.5625,0.0,0.0,0.0,0.0,0.0,126198.578125,0.0,0.0,0.0,0.0,0.0,0.0,0.0,464674.125,496840.0,1216.9100341796875,5000.0,918.75,25947.4609375,121726.0078125,204180.109375,23206.01953125,20006.73046875,918.739990234375,9126.5703125,5638.7001953125,20004.869140625,18115.48046875,818.7100219726562,15356.400390625,0.0,0.0,0.0,0.0,0.0,451.8399963378906,0.0,0.0,0.0,0.0,0.0,0.0,0.0,8.217541846988753e-08,5.9248479374218725e-05,0.0001295906404266,0.0001744584151309,0.000193687461433,0.0002028911112574,0.0002168609353248,0.0002175183326471,0.0002309951087227,0.0002673166454769,0.0002674809948075,0.000269288837444,0.0002756985486485,0.00028062905767,0.0002936127712018,1368.8199462890625,10.489999771118164,3042.669921875,3754.2099609375,7101.18994140625,21903.529296875,2890.7900390625,2178.139892578125,57931.26171875,21904.939453125,1162.52001953125,919.010009765625,919.02001953125,1212.47998046875,33833.91015625,580046.0,2890.330078125,18256.0,0.0,0.0,0.0,0.0,0.0,0.0,0.0,0.0,0.0,0.0,0.0,0.0,600583.0,2900.820068359375,21298.669921875,0.0,7101.18994140625,21903.529296875,2890.7900390625,2178.139892578125,0.0,21904.939453125,1162.52001953125,919.010009765625,919.02001953125,1212.47998046875,33833.91015625,19168.16015625,0.0,0.0,0.0,0.0,0.0,0.0,0.0,0.0,0.0,0.0,0.0,0.0,0.0,0.0,OE_BTC,0.0,60858.87238133264,5.120783195255996e-06,1,default
223,223,223,223,2021-04-17 21:06:00.116090+00:00,60860.995,0.01,82267.9591585104,299753.6829663765,-8.215442193204583e-08,-2.464632586907101e-07,-8.125072781695053e-05,-9.9817625596188e-05,-0.000169484570506,-0.0001763855543686,-0.0001855868467828,-0.0002034965145867,-0.0002036608202615,-0.0002315933234058,-0.0002319219347555,-0.0002403016842436,-0.0002669197274371,-0.0002762853400781,-0.0003221275110263,315951.03125,590.3499755859375,3042.800048828125,12.170000076293944,8242.73046875,20008.080078125,1000.0,6215.080078125,4661.4599609375,6084.68994140625,1216.93994140625,17609.580078125,5000.0,20006.08984375,9126.2099609375,1433361.0,0.0,264248.875,0.0,0.0,0.0,0.0,0.0,0.0,0.0,0.0,0.0,0.0,0.0,20002.140625,2009005.0,590.3499755859375,267470.40625,12.170000076293944,8242.73046875,20008.080078125,1000.0,6215.080078125,4661.4599609375,6084.68994140625,1216.93994140625,17609.580078125,5000.0,20006.08984375,29128.349609375,259692.953125,0.0,178.72999572753906,0.0,0.0,0.0,0.0,0.0,0.0,0.0,0.0,0.0,0.0,0.0,0.0,8.215442193204583e-08,2.982205660373438e-05,2.9986364097567272e-05,4.444554360816255e-05,4.460985292098485e-05,9.99819312710315e-05,0.0001001462442218,0.0001034324232023,0.0001085259937099,0.0001182202177005,0.0001238067197846,0.0001254498056368,0.0001333366235485,0.000155354020535,0.0001734279940137,482500.46875,90803.1015625,20012.2109375,123234.59375,4869.10009765625,21906.880859375,20014.25,25838.2109375,1044.1099853515625,3043.409912109375,17059.759765625,4593.83984375,5000.0,81164.65625,20014.19921875,5412791.5,0.0,0.0,0.0,0.0,0.0,0.0,471502.90625,0.0,0.0,0.0,0.0,0.0,0.0,0.0,5948048.0,90803.1015625,20012.2109375,123234.59375,4869.10009765625,21906.880859375,20014.25,479256.21875,1044.1099853515625,3043.409912109375,17059.759765625,4593.83984375,5000.0,81164.65625,20014.19921875,52756.16015625,0.0,0.0,0.0,0.0,0.0,0.0,4436.0,0.0,0.0,0.0,0.0,0.0,0.0,0.0,OE_BTC,0.0002555655563041,60858.72758896826,-2.3791496410741075e-06,1,default
224,224,224,224,2021-04-17 21:07:00.116090+00:00,60867.285,0.01,83371.45662009003,42418.30063276732,-8.214593094635347e-08,-1.3554079487221316e-05,-1.3718370610149574e-05,-1.388266264257254e-05,-2.226154902018607e-05,-2.719030453590676e-05,-4.0497947338735685e-05,-0.0001032574364216,-0.0001034217348205,-0.0001167293739854,-0.0001816246658563,-0.0001845819206209,-0.0001977252686629,-0.0002031468902714,-0.0002049541071755,185218.171875,25956.890625,194485.296875,876.47998046875,1217.3199462890625,919.0700073242188,919.0599975585938,95551.7734375,460383.6875,1748.5,20006.759765625,3042.800048828125,135.99000549316406,24.34000015258789,26976.939453125,0.0,0.0,63974.5390625,0.0,0.0,0.0,0.0,0.0,8433694.0,0.0,0.0,0.0,0.0,24463.6796875,0.0,185218.171875,25956.890625,258459.828125,876.47998046875,1217.3199462890625,919.0700073242188,919.0599975585938,95551.7734375,8620545.0,1748.5,20006.759765625,0.0,135.99000549316406,24475.849609375,26976.939453125,0.0,0.0,0.0,0.0,0.0,0.0,0.0,0.0,42418.30078125,0.0,0.0,0.0,0.0,0.0,0.0,8.214593094635347e-08,1.486841392761562e-05,8.699254249222577e-05,9.044267062563448e-05,0.0001122934918384,0.0001321728050243,0.0001385801879223,0.0001632239727769,0.0001748887007124,0.0001809674868127,0.0001819532481022,0.0002289407129865,0.0002294336009072,0.000238633932895,0.0002410983142908,18584.970703125,3043.409912109375,2891.449951171875,3755.239990234375,32847.6796875,61564.58984375,80477.703125,919.25,38.83000183105469,1162.8399658203125,919.260009765625,22984.55078125,11286.169921875,3546.1201171875,18.299999237060547,7253.240234375,2040.2900390625,0.0,0.0,0.0,21909.849609375,0.0,0.0,26214.0390625,1597.6800537109375,0.0,0.0,0.0,0.0,0.0,0.0,2040.2900390625,2891.449951171875,3755.239990234375,32847.6796875,21909.849609375,80477.703125,919.25,26214.0390625,0.0,919.260009765625,21911.970703125,11286.169921875,3546.1201171875,0.0,0.0,0.0,0.0,0.0,0.0,0.0,0.0,0.0,0.0,0.0,0.0,0.0,0.0,0.0,0.0,OE_BTC,0.000103350265634,60857.39334622538,-2.1923605631246623e-05,1,default
225,225,225,225,2021-04-17 21:08:00.116090+00:00,60869.405,0.01,90920.97156030196,54641.0919524748,-8.214307456455573e-08,-2.4642920948281244e-07,-1.946790871443227e-05,-1.963219438039232e-05,-3.556795127224177e-05,-4.887512841378338e-05,-7.943234959384426e-05,-9.487524948781356e-05,-9.520382445771249e-05,-0.0001071967126335,-0.0001193538846564,-0.0001375896536046,-0.0001377539301756,-0.0001380825124215,-0.0001382467889925,1672.260009765625,1326.949951171875,404.80999755859375,194.77999877929688,919.0999755859376,919.0800170898438,10301.650390625,4892.6201171875,20008.619140625,6963.77001953125,6.090000152587892,95551.8203125,162007.796875,12.850000381469728,424578.125,137029.515625,0.0,0.0,482359.03125,0.0,0.0,0.0,0.0,0.0,0.0,0.0,30954.5703125,1234025.75,0.0,55621.421875,139202.125,1326.949951171875,404.80999755859375,482553.8125,919.0999755859376,919.0800170898438,10301.650390625,4892.6201171875,20008.619140625,6963.77001953125,6.090000152587892,126506.390625,1409303.625,12.850000381469728,19815.869140625,500.3399963378906,0.0,0.0,0.0,0.0,0.0,0.0,0.0,0.0,0.0,0.0,0.0,13270.01953125,0.0,0.0,8.214307456455573e-08,5.750015361627447e-07,2.546435325712082e-06,1.4539324183715506e-05,2.4396493245149028e-05,5.133942249813117e-05,5.150370634510182e-05,5.4789430578239255e-05,5.561086072702892e-05,5.5939432058949023e-05,7.680377166252583e-05,7.959664071677254e-05,0.0001040752758854,0.0001042395597323,0.0001048967023962,458.1499938964844,522.510009765625,2090.02001953125,21908.029296875,738.47998046875,21908.83984375,3043.6298828125,4869.81982421875,3755.239990234375,26814.470703125,6087.41015625,80451.40625,18106.33984375,3446.510009765625,20012.630859375,601.3900146484375,0.0,0.0,0.0,0.0,0.0,1849980.75,0.0,0.0,0.0,0.0,0.0,0.0,27266.25,0.0,3492.68994140625,522.510009765625,2090.02001953125,21908.029296875,738.47998046875,21908.83984375,1866576.5,4869.81982421875,0.0,26814.470703125,6087.41015625,80451.40625,18106.33984375,30712.759765625,20012.630859375,2433.139892578125,0.0,0.0,0.0,0.0,0.0,13552.1103515625,0.0,0.0,0.0,0.0,0.0,0.0,0.0,0.0,OE_BTC,3.4829876180531016e-05,60854.47469425752,-4.7958872494979765e-05,1,default
226,226,226,226,2021-04-17 21:09:00.116090+00:00,60860.995,0.01,145156.1196088185,205851.3113577613,-8.215442193204583e-08,-2.464632586907101e-07,-1.99635251192376e-05,-6.120504258433357e-05,-6.843463779659942e-05,-8.125072781695053e-05,-9.9817625596188e-05,-0.0001040896531776,-0.0001615977525943,-0.0001735922996886,-0.0001969241566257,-0.0001970884623005,-0.0002334007149329,-0.0002335650351596,-0.0002606759953778,326759.71875,1119.8399658203125,512.780029296875,6.090000152587892,1748.4000244140625,3042.800048828125,30.43000030517578,20010.439453125,21901.150390625,18.61000061035156,11778.7001953125,199.0,6084.68017578125,20007.859375,16583.75,176189.34375,0.0,0.0,0.0,0.0,0.0,0.0,0.0,0.0,0.0,0.0,0.0,0.0,0.0,0.0,197581.3125,1119.8399658203125,512.780029296875,0.0,1748.4000244140625,0.0,6.090000152587892,20010.439453125,21901.150390625,0.0,11778.7001953125,0.0,6084.68017578125,20007.859375,16583.75,119210.3828125,0.0,0.0,0.0,0.0,0.0,0.0,0.0,0.0,0.0,0.0,0.0,0.0,0.0,0.0,8.215442193204583e-08,5.750809464188933e-07,4.3541845116124014e-06,7.640361218363976e-06,1.5362877093139105e-05,6.235521141206846e-05,8.207227074308321e-05,8.223657641792671e-05,9.324527491116896e-05,0.0001136195714934,0.0001137838771683,0.0001192060663015,0.0001244639570359,0.0001519035286037,0.0001642266870476,102662.0234375,277.67001342773443,2768.820068359375,7650.06005859375,217.72000122070312,1217.300048828125,21906.48046875,9129.900390625,5000.0,5404.31982421875,20014.73046875,25461.189453125,3652.110107421875,5685.43017578125,17531.439453125,1270206.875,415641.8125,0.0,0.0,0.0,0.0,0.0,0.0,0.0,0.0,0.0,0.0,0.0,0.0,0.0,1377936.125,416160.15625,2768.820068359375,7650.06005859375,217.72000122070312,1217.300048828125,21906.48046875,9129.900390625,5000.0,5404.31982421875,20014.73046875,25461.189453125,3652.110107421875,5685.43017578125,17531.439453125,5067.2099609375,240.6699981689453,0.0,0.0,0.0,0.0,0.0,0.0,0.0,0.0,0.0,0.0,0.0,0.0,0.0,OE_BTC,-0.0001381646493833,60850.132012898604,-7.13617425953661e-05,1,default
227,227,227,227,2021-04-17 21:10:00.116090+00:00,60860.995,0.01,124613.9329087014,52273.18601943772,-8.215442193204583e-08,-2.464632586907101e-07,-5.7918867241824046e-05,-5.8083176554646336e-05,-6.120504258433357e-05,-8.125072781695053e-05,-9.9817625596188e-05,-0.0001137838771683,-0.0001735922996886,-0.0001901874929899,-0.0001924878160934,-0.0001970884623005,-0.000216312604607,-0.0002164769102819,-0.0002350438007852,237348.84375,943.3499755859376,6085.75,6.090000152587892,6.090000152587892,3042.800048828125,36.5099983215332,2434.159912109375,18.61000061035156,512.7000122070311,20011.3203125,199.0,11778.4697265625,1748.1400146484375,17292.080078125,1166003.875,0.0,0.0,21300.109375,0.0,0.0,0.0,0.0,0.0,0.0,0.0,0.0,0.0,0.0,0.0,1125092.625,943.3499755859376,6085.75,21306.19921875,0.0,0.0,6.090000152587892,2434.159912109375,0.0,512.7000122070311,20011.3203125,0.0,11778.4697265625,1748.1400146484375,17292.080078125,48499.6484375,0.0,0.0,0.0,0.0,0.0,0.0,0.0,0.0,0.0,0.0,0.0,0.0,0.0,0.0,8.215442193204583e-08,2.464632586907101e-07,1.4541333257511724e-05,1.470564166083932e-05,1.56914957187837e-05,3.738026134669781e-05,3.7544570659520105e-05,3.836611722363159e-05,5.183944085729309e-05,7.796454883646221e-05,8.70015355758369e-05,9.324527491116896e-05,0.0001192060663015,0.0001489459682488,0.0001611048210179,115284.078125,70.0,123312.0703125,5000.0,20015.490234375,21905.509765625,3730.919921875,79737.046875,1068.989990234375,1217.31005859375,6056.56982421875,20017.3203125,25461.189453125,20017.23046875,9130.6201171875,5882116.0,1143346.0,0.0,0.0,0.0,0.0,919.0399780273438,0.0,0.0,0.0,0.0,0.0,0.0,0.0,0.0,6053216.5,1144445.875,123312.0703125,5000.0,20015.490234375,21905.509765625,4649.9501953125,79737.046875,1068.989990234375,1217.31005859375,6056.56982421875,20017.3203125,0.0,20017.23046875,9130.6201171875,55816.7109375,1029.8599853515625,0.0,0.0,0.0,0.0,0.0,0.0,0.0,0.0,0.0,0.0,0.0,0.0,0.0,OE_BTC,0.0,60845.13551739781,-8.211149812686891e-05,1,default
228,228,228,228,2021-04-17 21:11:00.116090+00:00,60860.995,0.01,88947.15375552,100803.2884540864,-8.215442193204583e-08,-2.464632586907101e-07,-5.8083176554646336e-05,-6.120504258433357e-05,-8.125072781695053e-05,-8.946616435423492e-05,-9.9817625596188e-05,-0.0001241353311343,-0.0001734279940137,-0.0001735922996886,-0.0001970884623005,-0.0002103974838973,-0.0002105617895722,-0.000210726095247,-0.0002192701649619,140690.703125,1326.77001953125,6.090000152587892,6.090000152587892,3042.800048828125,9109.8896484375,48.68000030517578,21901.970703125,11778.98046875,18.61000061035156,199.0,32033.91015625,17483.0,1748.1500244140625,512.6799926757811,1165034.375,0.0,0.0,512.760009765625,0.0,0.0,0.0,0.0,0.0,0.0,0.0,0.0,0.0,0.0,0.0,1169179.5,383.4200134277344,0.0,512.760009765625,0.0,9109.8896484375,12.170000076293944,21901.970703125,11778.98046875,0.0,0.0,32033.91015625,17483.0,1748.1500244140625,512.6799926757811,100803.2890625,0.0,0.0,0.0,0.0,0.0,0.0,0.0,0.0,0.0,0.0,0.0,0.0,0.0,0.0,8.215442193204583e-08,1.99635251192376e-05,2.045645123871509e-05,4.395261566969566e-05,5.726163362851366e-05,6.662723899353296e-05,0.0001006391685223,0.000102775185951,0.0001088546123355,0.0001192060663015,0.0001458241022191,0.0001665270247031,0.0001763855543686,0.0001842723722802,0.0001893659500638,32595.1796875,21301.76953125,80806.796875,2454.64990234375,2768.969970703125,2392.0,5000.0,20017.279296875,1217.3499755859375,25461.189453125,9084.5302734375,3755.139892578125,7411.6298828125,20019.3203125,17813.509765625,11765433.0,0.0,0.0,0.0,0.0,0.0,0.0,0.0,0.0,0.0,0.0,0.0,0.0,0.0,0.0,11771691.0,21301.76953125,80806.796875,2454.64990234375,2768.969970703125,2392.0,5000.0,20017.279296875,1217.3499755859375,0.0,9084.5302734375,3755.139892578125,7411.6298828125,20019.3203125,17813.509765625,88947.1484375,0.0,0.0,0.0,0.0,0.0,0.0,0.0,0.0,0.0,0.0,0.0,0.0,0.0,0.0,OE_BTC,0.0,60840.70223240885,-7.286178182142056e-05,1,default
229,229,229,229,2021-04-17 21:12:00.116090+00:00,60824.265,0.01,77219.54095151341,861287.518490007,-8.220403202585659e-08,-2.466121031829972e-07,-5.466568472911604e-05,-0.0001876718160929,-0.0002466943114995,-0.0002522841969039,-0.0002596825361251,-0.0003085117496084,-0.0003086761571466,-0.0003103202325291,-0.000315581302857,-0.0003586561942938,-0.0003989361866842,-0.0004252414801158,-0.0004293516685719,103432.296875,961.02001953125,6.079999923706055,17721.470703125,291.8800048828125,924.260009765625,5636.14013671875,17904.05078125,3040.27001953125,20008.900390625,21008.23046875,2979.320068359375,2716.02001953125,5000.0,20005.259765625,206438.078125,0.0,960.969970703125,0.0,0.0,0.0,0.0,0.0,22996.640625,0.0,34233.25,0.0,0.0,0.0,0.0,313023.21875,961.02001953125,967.0499877929688,17721.470703125,0.0,924.260009765625,5636.14013671875,17904.05078125,26036.91015625,20008.900390625,34233.25,2979.320068359375,0.0,5000.0,20005.259765625,3152.840087890625,0.0,0.0,0.0,0.0,0.0,0.0,0.0,0.0,0.0,0.0,0.0,0.0,0.0,0.0,8.220403202585659e-08,5.178854280529777e-06,1.4221298442862464e-05,2.1948477296973585e-05,4.496560723055154e-05,4.513001476880163e-05,4.529442230705172e-05,4.545882984530181e-05,5.055548172094859e-05,6.584543007193133e-05,6.617424514843151e-05,8.688966772751884e-05,0.0001041525101754,0.0001076050830306,0.0001102356109186,256207.375,9123.6904296875,2998.679931640625,5000.0,25275.650390625,21892.44921875,135915.625,33071.66015625,106326.2734375,107479.5234375,20014.73046875,26132.369140625,14062.080078125,4682.5400390625,20016.060546875,478288.625,0.0,0.0,0.0,0.0,25275.650390625,2809887.5,0.0,25275.7890625,0.0,0.0,0.0,0.0,0.0,0.0,739343.25,9123.6904296875,2998.679931640625,5000.0,25275.650390625,47168.109375,2954695.25,33071.66015625,131602.0625,107479.5234375,20014.73046875,26132.369140625,14062.080078125,4682.5400390625,20016.060546875,4847.240234375,0.0,0.0,0.0,0.0,0.0,8891.919921875,0.0,0.0,0.0,0.0,0.0,0.0,0.0,0.0,OE_BTC,-0.0006035064001171,60838.13358960916,-4.2219151085265416e-05,1,default
230,230,230,230,2021-04-17 21:13:00.116090+00:00,60772.485,0.01,49735.44302950019,554936.1181082,-8.227407732874782e-08,-2.468222248808161e-07,-1.752437856339384e-05,-6.3762410718482e-05,-9.453291568206625e-05,-9.4697461463511e-05,-0.0001078613131539,-0.0001142786932177,-0.0001174051067209,-0.0001308980572503,-0.0001685795868979,-0.0001889835548354,-0.0002334115561097,-0.0002386770938755,-0.0002403225807938,711.0399780273438,7443.0,200.5500030517578,176.22999572753906,6076.669921875,20008.869140625,60.77000045776367,16622.259765625,286.8099975585937,145.8300018310547,443.55999755859375,20005.98046875,7983.93994140625,5000.0,164.0500030517578,0.0,711.0399780273438,0.0,21311.55078125,0.0,0.0,0.0,0.0,0.0,51596.46875,115448.2578125,0.0,0.0,0.0,0.0,711.0399780273438,21432.83984375,0.0,21311.55078125,6076.669921875,20008.869140625,0.0,16622.259765625,0.0,51742.30078125,115891.8203125,20005.98046875,7983.93994140625,5000.0,164.0500030517578,0.0,13278.7998046875,0.0,0.0,0.0,0.0,0.0,0.0,0.0,0.0,0.0,0.0,0.0,0.0,0.0,8.227407732874782e-08,2.468222248808161e-07,1.834711838455405e-05,5.142129521118477e-05,7.050888234516607e-05,9.930480882758276e-05,9.94693546090275e-05,0.0001633140345802,0.0001634785876376,0.0001768069923855,0.0001847052917582,0.0001962236710824,0.0002095520758302,0.0002110330096911,0.0002227159275207,6877.2099609375,26891.830078125,8165.66015625,3038.780029296875,4374.8701171875,6077.85009765625,5609.39990234375,25257.119140625,82427.0390625,21876.69921875,13087.0595703125,917.8400268554688,917.8599853515624,9117.7998046875,917.8699951171876,904.6099853515624,0.0,144275.03125,0.0,0.0,0.0,0.0,0.0,0.0,0.0,0.0,0.0,0.0,0.0,0.0,7781.81005859375,26891.830078125,152940.0625,3038.780029296875,4374.8701171875,6077.85009765625,5609.39990234375,25257.119140625,82427.0390625,21876.69921875,13087.0595703125,917.8400268554688,917.8599853515624,9117.7998046875,917.8699951171876,0.0,0.0,499.3800048828125,0.0,0.0,0.0,0.0,0.0,0.0,0.0,0.0,0.0,0.0,0.0,0.0,OE_BTC,-0.0008513049849431,60838.35570066325,3.65085253251074e-06,1,default
231,231,231,231,2021-04-17 21:14:00.116090+00:00,60834.075,0.01,516614.4399128716,170090.2084086425,-8.219078040383465e-08,-2.46572341211504e-07,-2.6712003091233782e-05,-3.032839777006302e-05,-5.186238195165061e-05,-0.0001278066629311,-0.0001402996567776,-0.0001491762668592,-0.0001611761108506,-0.0002101618156302,-0.000211312493775,-0.0002124631573678,-0.0003010648360941,-0.0003122427733615,-0.0003130646655336,84182.40625,41799.05859375,21291.359375,2504.360107421875,108171.15625,20004.650390625,5000.0,1216.5,12931.240234375,139715.734375,104693.71875,126520.53125,9122.3603515625,6.079999923706055,13326.16015625,356820.625,280533.28125,0.0,0.0,203900.234375,0.0,0.0,0.0,66906.703125,21287.44921875,896565.75,864696.6875,0.0,0.0,0.0,441003.03125,322332.375,21291.359375,2504.360107421875,312071.40625,20004.650390625,5000.0,1216.5,79837.9375,161003.1875,1001601.75,992221.0,9122.3603515625,6.079999923706055,13326.16015625,0.0,0.0,0.0,0.0,0.0,0.0,0.0,0.0,0.0,0.0,342.3099975585937,1003.8300170898438,0.0,0.0,0.0,8.219078040383465e-08,1.06848017367156e-06,2.013674020417966e-05,2.046550434897653e-05,5.9588313888525584e-05,6.254718027776107e-05,6.534167187055573e-05,7.86565724411048e-05,9.180710185319184e-05,0.0001125191774917,0.0001509844587417,0.0001511488371761,0.0001514776085969,0.0001915867032948,0.0001917510817293,31838.48046875,120755.6484375,4866.81982421875,83800.6484375,2174.719970703125,3041.889892578125,918.6500244140624,918.6699829101562,918.6799926757812,3102.449951171875,21898.30078125,6084.330078125,17987.619140625,3753.570068359375,5414.43994140625,7441.64990234375,0.0,0.0,0.0,0.0,0.0,0.0,0.0,0.0,9126.1396484375,0.0,0.0,0.0,0.0,0.0,41648.66015625,120755.6484375,4866.81982421875,83800.6484375,2174.719970703125,3041.889892578125,918.6500244140624,918.6699829101562,918.6799926757812,2981.2099609375,21898.30078125,6084.330078125,17987.619140625,3753.570068359375,5414.43994140625,2368.52001953125,0.0,0.0,0.0,0.0,0.0,0.0,0.0,0.0,0.0,0.0,0.0,0.0,0.0,0.0,OE_BTC,0.0010134520581146,60841.52896890341,5.215900731725398e-05,1,default
232,232,232,232,2021-04-17 21:15:00.116090+00:00,60840.845,0.01,223258.8903676784,35574.465003074496,-8.218163571882543e-08,-2.4654488584019424e-07,-1.068361257239303e-06,-1.2327244576226806e-06,-2.7119938295072643e-06,-2.358612800890114e-05,-3.574900983949192e-05,-5.251406400930136e-05,-6.073222539271228e-05,-6.993657007114962e-05,-7.519619248341769e-05,-0.0001037954061757,-0.0001092193924705,-0.0001102055684896,-0.0001103699323721,238455.296875,614.489990234375,121.68000030517578,2203.320068359375,20007.48046875,20006.2109375,5000.0,2433.510009765625,5101.02978515625,6.079999923706055,20005.599609375,7632.39990234375,168.97999572753906,253.8099975585937,484.8500061035156,428067.46875,0.0,0.0,924171.3125,27982.73046875,0.0,0.0,0.0,0.0,0.0,0.0,0.0,1992481.5,1247.510009765625,1837580.0,668244.1875,614.489990234375,121.68000030517578,932907.3125,47990.21875,20006.2109375,5000.0,2433.510009765625,5101.02978515625,6.079999923706055,20005.599609375,7632.39990234375,1995263.75,1501.31005859375,1854043.75,1721.3900146484375,0.0,0.0,6532.7001953125,0.0,0.0,0.0,0.0,0.0,0.0,0.0,0.0,2613.219970703125,0.0,15978.8095703125,8.218163571882543e-08,1.2327244576226806e-06,1.3970877716928951e-06,9.130379476118831e-05,0.0001256557152373,0.0001259844430023,0.000130422253278,0.0001504745741839,0.0001761152379913,0.0001762796018738,0.0001894286688184,0.0002006053691729,0.0002007697330554,0.0002009340969379,0.000210302794585,1893.6800537109373,106045.421875,11902.1904296875,391.6600036621094,16858.939453125,3042.429931640625,25659.9296875,1198.1400146484375,3753.929931640625,128.30000305175778,4529.43994140625,25286.470703125,21901.830078125,1217.06005859375,21902.0390625,143041.359375,0.0,0.0,1126105.0,0.0,0.0,0.0,0.0,0.0,0.0,0.0,0.0,0.0,0.0,0.0,146730.078125,106045.421875,11902.1904296875,1132934.5,16858.939453125,0.0,25659.9296875,0.0,3753.929931640625,0.0,4529.43994140625,25286.470703125,21901.830078125,0.0,21902.0390625,1795.050048828125,0.0,0.0,6437.830078125,0.0,0.0,0.0,0.0,0.0,0.0,0.0,0.0,0.0,0.0,0.0,OE_BTC,0.0001112863144545,60846.89517570358,8.819973611973175e-05,1,default
233,233,233,233,2021-04-17 21:16:00.116090+00:00,60875.38000000001,2.94,183756.6844484521,46887.89668419738,-2.414769369352144e-05,-2.431196298857685e-05,-6.20940700173378e-05,-6.307968578767031e-05,-6.866487092338502e-05,-6.882914021844044e-05,-6.93219481036067e-05,-7.063610974000767e-05,-7.080037903506309e-05,-7.096464833011851e-05,-7.112891762517393e-05,-7.769971853122115e-05,-7.786398782627657e-05,-0.0001677196851233,-0.0001678839616943,602.6500244140625,1607.0699462890625,6.090000152587892,601.4099731445312,3043.56005859375,2770.7900390625,8.979999542236328,6087.10986328125,3043.550048828125,6087.10986328125,5000.0,2770.77001953125,2770.77001953125,3699.739990234375,21906.189453125,0.0,602.6500244140625,0.0,0.0,0.0,1204.030029296875,0.0,0.0,0.0,0.0,0.0,0.0,6689.68017578125,0.0,3699.739990234375,602.6500244140625,2209.719970703125,6.090000152587892,601.4099731445312,3043.56005859375,3974.820068359375,8.979999542236328,6087.10986328125,3043.550048828125,6087.10986328125,5000.0,2770.77001953125,9460.4501953125,3699.739990234375,25605.9296875,0.0,0.0,0.0,0.0,0.0,0.0,0.0,0.0,0.0,0.0,0.0,0.0,0.0,0.0,0.0,2.414769369352144e-05,3.794637450482696e-05,4.156031718594022e-05,4.172458648099564e-05,4.188885577605106e-05,8.344917296199128e-05,8.36134422570467e-05,9.72478519543074e-05,9.741212124936284e-05,0.0001080896763596,0.0001273092639166,0.0001274735404876,0.0001322373718721,0.0001632844068808,0.0001634486688999,21306.900390625,2895.570068359375,22261.25,109207.0234375,121794.6875,16633.849609375,102723.78125,120026.2578125,21912.0,18.299999237060547,3755.8798828125,1217.6600341796875,3044.169921875,21913.439453125,72934.5390625,0.0,0.0,0.0,22261.259765625,0.0,0.0,0.0,0.0,0.0,0.0,0.0,0.0,0.0,0.0,0.0,21306.900390625,2895.570068359375,22261.25,131468.28125,121755.859375,16633.849609375,102723.78125,120026.2578125,21912.0,0.0,3755.8798828125,1217.6600341796875,3044.169921875,21913.439453125,72934.5390625,0.0,0.0,0.0,0.0,0.0,0.0,0.0,0.0,0.0,0.0,0.0,0.0,0.0,0.0,0.0,OE_BTC,0.000567628539676,60852.94483067706,9.942421804765011e-05,1,default
234,234,234,234,2021-04-17 21:17:00.116090+00:00,60877.925,0.01,121490.3819563417,19225.959973807607,-8.213157798309113e-08,-2.4639473394927336e-07,-1.5194341358437669e-05,-4.2626288632163785e-05,-4.2790550651261576e-05,-9.97898678178899e-05,-0.0001029108680086,-0.00010373218538,-0.0001038964473991,-0.0001278788695344,-0.000146933394717,-0.0001599101815372,-0.0001600744435563,-0.0001732154923956,-0.0002093533839797,17746.439453125,602.6900024414062,101.66000366210938,6087.52978515625,8333.91015625,6.090000152587892,20007.310546875,6087.16015625,6.090000152587892,13430.419921875,919.1199951171876,21907.279296875,919.1099853515624,919.0999755859376,3790.639892578125,5363494.5,338318.53125,0.0,0.0,0.0,0.0,0.0,0.0,0.0,0.0,0.0,0.0,0.0,0.0,0.0,5400132.0,338921.21875,101.66000366210938,6087.52978515625,8333.91015625,6.090000152587892,20007.310546875,6087.16015625,0.0,13430.419921875,919.1199951171876,21907.279296875,919.1099853515624,919.0999755859376,3790.639892578125,18891.3203125,0.0,0.0,0.0,0.0,0.0,0.0,0.0,0.0,0.0,0.0,0.0,0.0,0.0,0.0,8.213157798309113e-08,1.864386831584852e-05,6.628018309129402e-05,8.549897029297425e-05,9.042686724569649e-05,0.000116216178867,0.0001188443930004,0.000143319601193,0.0001434838632121,0.0001436481252312,0.0001467691326979,0.0001497258635936,0.0001541609672131,0.0001732154923956,0.0001751866511767,51540.69140625,4382.240234375,18.299999237060547,3755.8798828125,3044.169921875,20011.689453125,1217.699951171875,22173.51953125,17730.48046875,83128.5703125,7576.490234375,701.489990234375,3411.659912109375,20013.91015625,5000.0,834000.75,0.0,21308.689453125,0.0,0.0,0.0,0.0,0.0,3411.580078125,0.0,0.0,0.0,0.0,0.0,0.0,857586.5625,4382.240234375,21308.689453125,0.0,0.0,20011.689453125,1217.699951171875,22173.51953125,21142.05078125,83128.5703125,0.0,701.489990234375,3411.659912109375,20013.91015625,5000.0,93839.859375,0.0,0.0,0.0,0.0,0.0,0.0,0.0,0.0,0.0,0.0,0.0,0.0,0.0,0.0,OE_BTC,4.1806720549208976e-05,60857.85288472272,8.065433906812025e-05,1,default
235,235,235,235,2021-04-17 21:18:00.116090+00:00,60884.565,0.01,82735.57910034986,87782.45019337334,-8.212261803919317e-08,-2.463678470121522e-07,-7.391035978798755e-07,-1.2729005902656356e-05,-2.570437936810777e-05,-3.835126335616224e-05,-5.3133335313759744e-05,-6.857238622615114e-05,-8.499691466568038e-05,-8.680360770085827e-05,-9.977898298529908e-05,-0.0001009287007036,-0.0001089767174562,-0.0001094694525818,-0.0001267151965294,436341.625,578.4000244140625,101.68000030517578,1217.6800537109375,62727.1484375,911.2100219726562,4055.219970703125,16352.4697265625,5000.0,20005.19921875,12.18000030517578,250.08999633789065,3043.89990234375,12578.0400390625,4170.31005859375,1311559.125,0.0,21309.580078125,0.0,0.0,0.0,0.0,0.0,0.0,0.0,0.0,0.0,590.52001953125,0.0,0.0,1751290.625,578.4000244140625,21411.259765625,1217.6800537109375,62727.1484375,911.2100219726562,4055.219970703125,16352.4697265625,5000.0,20005.19921875,12.18000030517578,250.08999633789065,3634.409912109375,12578.0400390625,4170.31005859375,3389.929931640625,0.0,0.0,0.0,0.0,0.0,0.0,0.0,0.0,0.0,0.0,0.0,0.0,0.0,0.0,8.212261803919317e-08,3.1124473025556654e-05,3.769428440136835e-05,7.514219760196283e-05,7.530644506914541e-05,7.826285582268609e-05,8.926729060476646e-05,0.0001235945383086,0.0001378838787786,0.0001733608514769,0.0001925775432027,0.0001979976368602,0.00021967801149,0.0002198422589572,0.0002201707393396,6810.3701171875,3044.320068359375,7576.490234375,3756.25,6783.31005859375,477.1099853515625,53792.8984375,21915.880859375,81401.7109375,501.1600036621094,20010.630859375,608.969970703125,21798.560546875,21917.990234375,18054.8203125,657779.5625,0.0,0.0,0.0,3140.56005859375,0.0,23027.580078125,0.0,0.0,0.0,0.0,0.0,0.0,0.0,0.0,692355.125,3044.320068359375,0.0,3756.25,3140.56005859375,477.1099853515625,23027.580078125,21915.880859375,81401.7109375,501.1600036621094,20010.630859375,608.969970703125,21798.560546875,21917.990234375,18054.8203125,27765.220703125,0.0,0.0,0.0,0.0,0.0,0.0,0.0,0.0,0.0,0.0,0.0,0.0,0.0,0.0,OE_BTC,0.0001090707345889,60860.026048560496,3.570884832049259e-05,1,default
